id,dealer_id,broker_id,advance_date,amount,payment_mode,utr_cheque_number,purpose,file_id,recovery_status,amount_recovered,remarks,created_by,created_at,updated_at,is_deleted,deleted_at
1,520,613,08-06-2023,100000,cheque,ADV350779,Dealer commission advance,10,Fully Recovered,100000,Profile performance leads to: Fully Recovered,101,07-06-2023 22:00,07-07-2023 22:00,0,
2,511,619,26-10-2023,50000,neft,ADV251413,Insurance premium advance,20,Not Recovered,0,Profile performance leads to: Not Recovered,103,25-10-2023 21:00,24-11-2023 21:00,0,
3,516,611,08-12-2023,80000,neft,ADV728918,Emergency inventory pooling,30,Partially Recovered,35482,Profile performance leads to: Partially Recovered,102,07-12-2023 22:00,06-01-2024 22:00,0,
4,518,608,12-12-2023,50000,rtgs,ADV437807,Bridge financing for trade-in,40,Fully Recovered,50000,Profile performance leads to: Fully Recovered,102,11-12-2023 19:00,10-01-2024 19:00,0,
5,507,613,18-11-2023,150000,imps,ADV650880,RTO tax clearance advance,50,Partially Recovered,58581,Profile performance leads to: Partially Recovered,102,17-11-2023 21:00,17-12-2023 21:00,0,
6,510,605,12-03-2023,50000,neft,ADV968367,Dealer commission advance,60,Fully Recovered,50000,Profile performance leads to: Fully Recovered,102,11-03-2023 19:00,10-04-2023 19:00,0,
7,520,613,22-09-2023,80000,upi,ADV511366,Dealer commission advance,70,Fully Recovered,80000,Profile performance leads to: Fully Recovered,103,21-09-2023 19:00,21-10-2023 19:00,0,
8,505,604,08-10-2023,100000,upi,ADV195049,RTO tax clearance advance,80,Not Recovered,0,Profile performance leads to: Not Recovered,105,07-10-2023 22:00,06-11-2023 22:00,0,
9,501,617,20-10-2023,20000,neft,ADV608950,Emergency inventory pooling,90,Fully Recovered,20000,Profile performance leads to: Fully Recovered,101,19-10-2023 22:00,18-11-2023 22:00,0,
10,514,,24-05-2023,100000,cash,ADV245578,Dealer commission advance,100,Partially Recovered,31057,Profile performance leads to: Partially Recovered,105,23-05-2023 23:00,22-06-2023 23:00,0,
11,509,602,06-05-2023,20000,imps,ADV586550,Insurance premium advance,110,Fully Recovered,20000,Profile performance leads to: Fully Recovered,107,05-05-2023 22:00,04-06-2023 22:00,0,
12,520,,15-10-2023,50000,rtgs,ADV476630,Bridge financing for trade-in,120,Not Recovered,0,Profile performance leads to: Not Recovered,104,14-10-2023 22:00,13-11-2023 22:00,0,
13,504,,01-06-2023,50000,imps,ADV284646,RTO tax clearance advance,130,Not Recovered,0,Profile performance leads to: Not Recovered,109,31-05-2023 20:00,30-06-2023 20:00,0,
14,509,,12-01-2024,150000,cheque,ADV320112,RTO tax clearance advance,140,Fully Recovered,150000,Profile performance leads to: Fully Recovered,110,11-01-2024 23:00,10-02-2024 23:00,0,
15,516,,05-03-2023,100000,cheque,ADV332040,Dealer commission advance,150,Fully Recovered,100000,Profile performance leads to: Fully Recovered,107,04-03-2023 21:00,03-04-2023 21:00,0,
16,504,,23-03-2023,80000,imps,ADV325914,Short term vehicle modification,160,Partially Recovered,50848,Profile performance leads to: Partially Recovered,105,22-03-2023 19:00,21-04-2023 19:00,0,
17,511,606,06-07-2023,80000,cheque,ADV624405,Short term vehicle modification,170,Fully Recovered,80000,Profile performance leads to: Fully Recovered,105,05-07-2023 21:00,04-08-2023 21:00,0,
18,511,,15-07-2023,50000,imps,ADV918135,Emergency inventory pooling,180,Partially Recovered,15151,Profile performance leads to: Partially Recovered,108,14-07-2023 22:00,13-08-2023 22:00,0,
19,516,616,08-02-2023,150000,neft,ADV538290,Short term vehicle modification,190,Fully Recovered,150000,Profile performance leads to: Fully Recovered,103,07-02-2023 19:00,09-03-2023 19:00,0,
20,508,606,23-12-2023,50000,imps,ADV211403,Insurance premium advance,200,Fully Recovered,50000,Profile performance leads to: Fully Recovered,102,22-12-2023 22:00,21-01-2024 22:00,0,
21,516,618,11-06-2023,50000,cash,ADV355347,Dealer commission advance,210,Partially Recovered,22473,Profile performance leads to: Partially Recovered,102,10-06-2023 22:00,10-07-2023 22:00,0,
22,510,617,09-08-2023,20000,cash,ADV733544,RTO tax clearance advance,220,Fully Recovered,20000,Profile performance leads to: Fully Recovered,105,08-08-2023 23:00,07-09-2023 23:00,0,
23,505,608,02-10-2023,80000,imps,ADV164795,Short term vehicle modification,230,Fully Recovered,80000,Profile performance leads to: Fully Recovered,102,01-10-2023 23:00,31-10-2023 23:00,0,
24,512,,04-04-2023,80000,cash,ADV122731,Dealer commission advance,240,Fully Recovered,80000,Profile performance leads to: Fully Recovered,108,03-04-2023 19:00,03-05-2023 19:00,0,
25,517,,04-08-2023,50000,cash,ADV458184,RTO tax clearance advance,250,Fully Recovered,50000,Profile performance leads to: Fully Recovered,107,03-08-2023 23:00,02-09-2023 23:00,0,
26,507,,16-11-2023,20000,rtgs,ADV253327,Dealer commission advance,260,Partially Recovered,12733,Profile performance leads to: Partially Recovered,107,15-11-2023 20:00,15-12-2023 20:00,0,
27,510,,26-01-2023,100000,rtgs,ADV852816,Bridge financing for trade-in,270,Fully Recovered,100000,Profile performance leads to: Fully Recovered,110,25-01-2023 21:00,24-02-2023 21:00,0,
28,520,606,23-11-2023,20000,rtgs,ADV616139,Short term vehicle modification,280,Fully Recovered,20000,Profile performance leads to: Fully Recovered,103,22-11-2023 19:00,22-12-2023 19:00,0,
29,502,,16-10-2023,80000,imps,ADV486364,Emergency inventory pooling,290,Partially Recovered,55034,Profile performance leads to: Partially Recovered,105,15-10-2023 21:00,14-11-2023 21:00,0,
30,512,601,28-08-2023,150000,cheque,ADV862413,RTO tax clearance advance,300,Fully Recovered,150000,Profile performance leads to: Fully Recovered,101,27-08-2023 19:00,26-09-2023 19:00,0,
31,503,605,22-01-2023,50000,imps,ADV951334,Dealer commission advance,310,Fully Recovered,50000,Profile performance leads to: Fully Recovered,103,21-01-2023 22:00,20-02-2023 22:00,0,
32,502,612,25-10-2023,20000,upi,ADV399530,Emergency inventory pooling,320,Partially Recovered,11815,Profile performance leads to: Partially Recovered,110,24-10-2023 22:00,23-11-2023 22:00,0,
33,520,619,13-05-2023,80000,upi,ADV878986,Dealer commission advance,330,Fully Recovered,80000,Profile performance leads to: Fully Recovered,107,12-05-2023 23:00,11-06-2023 23:00,0,
34,505,607,19-02-2023,100000,upi,ADV782507,Bridge financing for trade-in,340,Not Recovered,0,Profile performance leads to: Not Recovered,110,18-02-2023 20:00,20-03-2023 20:00,0,
35,513,614,14-11-2023,50000,neft,ADV919818,Insurance premium advance,350,Not Recovered,0,Profile performance leads to: Not Recovered,102,13-11-2023 23:00,13-12-2023 23:00,0,
36,515,615,13-01-2024,150000,cash,ADV447600,RTO tax clearance advance,360,Not Recovered,0,Profile performance leads to: Not Recovered,109,12-01-2024 21:00,11-02-2024 21:00,0,
37,503,620,21-03-2023,20000,cash,ADV869567,Emergency inventory pooling,370,Fully Recovered,20000,Profile performance leads to: Fully Recovered,108,20-03-2023 22:00,19-04-2023 22:00,0,
38,502,613,06-02-2023,50000,neft,ADV113472,Bridge financing for trade-in,380,Fully Recovered,50000,Profile performance leads to: Fully Recovered,110,05-02-2023 23:00,07-03-2023 23:00,0,
39,503,,04-02-2023,80000,imps,ADV410072,Emergency inventory pooling,390,Fully Recovered,80000,Profile performance leads to: Fully Recovered,101,03-02-2023 22:00,05-03-2023 22:00,0,
40,511,604,29-08-2023,100000,imps,ADV744118,Bridge financing for trade-in,400,Partially Recovered,66497,Profile performance leads to: Partially Recovered,110,28-08-2023 23:00,27-09-2023 23:00,0,
41,518,616,13-01-2024,20000,imps,ADV573285,RTO tax clearance advance,410,Fully Recovered,20000,Profile performance leads to: Fully Recovered,101,12-01-2024 20:00,11-02-2024 20:00,0,
42,516,607,09-11-2023,100000,cash,ADV846060,RTO tax clearance advance,420,Fully Recovered,100000,Profile performance leads to: Fully Recovered,103,08-11-2023 21:00,08-12-2023 21:00,0,
43,508,,22-12-2023,50000,upi,ADV461340,Dealer commission advance,430,Partially Recovered,28176,Profile performance leads to: Partially Recovered,101,21-12-2023 20:00,20-01-2024 20:00,0,
44,510,606,04-07-2023,50000,upi,ADV231094,Short term vehicle modification,440,Not Recovered,0,Profile performance leads to: Not Recovered,109,03-07-2023 19:00,02-08-2023 19:00,0,
45,514,,09-02-2023,20000,neft,ADV680674,Short term vehicle modification,450,Fully Recovered,20000,Profile performance leads to: Fully Recovered,105,08-02-2023 21:00,10-03-2023 21:00,0,
46,517,618,27-05-2023,100000,upi,ADV674032,Short term vehicle modification,460,Partially Recovered,46271,Profile performance leads to: Partially Recovered,103,26-05-2023 23:00,25-06-2023 23:00,0,
47,512,613,28-01-2023,20000,cash,ADV755305,Short term vehicle modification,470,Partially Recovered,7247,Profile performance leads to: Partially Recovered,108,27-01-2023 22:00,26-02-2023 22:00,0,
48,510,619,30-08-2023,50000,imps,ADV807969,Short term vehicle modification,480,Partially Recovered,22815,Profile performance leads to: Partially Recovered,108,29-08-2023 19:00,28-09-2023 19:00,0,
49,502,612,16-03-2023,20000,neft,ADV563259,Short term vehicle modification,490,Fully Recovered,20000,Profile performance leads to: Fully Recovered,110,15-03-2023 20:00,14-04-2023 20:00,0,
50,517,617,28-12-2023,100000,rtgs,ADV966024,RTO tax clearance advance,500,Fully Recovered,100000,Profile performance leads to: Fully Recovered,108,27-12-2023 20:00,26-01-2024 20:00,0,
51,505,619,06-09-2023,50000,neft,ADV451587,Dealer commission advance,510,Not Recovered,0,Profile performance leads to: Not Recovered,109,05-09-2023 22:00,05-10-2023 22:00,0,
52,503,616,22-10-2023,80000,upi,ADV308061,Bridge financing for trade-in,520,Partially Recovered,39561,Profile performance leads to: Partially Recovered,103,21-10-2023 19:00,20-11-2023 19:00,0,
53,505,619,02-04-2023,20000,imps,ADV714228,Dealer commission advance,530,Not Recovered,0,Profile performance leads to: Not Recovered,110,01-04-2023 23:00,01-05-2023 23:00,0,
54,501,606,17-09-2023,50000,neft,ADV496939,Bridge financing for trade-in,540,Not Recovered,0,Profile performance leads to: Not Recovered,110,16-09-2023 19:00,16-10-2023 19:00,0,
55,508,608,27-02-2023,50000,neft,ADV398302,Bridge financing for trade-in,550,Partially Recovered,25252,Profile performance leads to: Partially Recovered,102,26-02-2023 20:00,28-03-2023 20:00,0,
56,520,,09-07-2023,100000,neft,ADV622170,Short term vehicle modification,560,Not Recovered,0,Profile performance leads to: Not Recovered,107,08-07-2023 23:00,07-08-2023 23:00,0,
57,506,615,15-08-2023,150000,neft,ADV986888,Dealer commission advance,570,Partially Recovered,81376,Profile performance leads to: Partially Recovered,108,14-08-2023 22:00,13-09-2023 22:00,0,
58,516,610,31-10-2023,20000,imps,ADV141987,Short term vehicle modification,580,Partially Recovered,13511,Profile performance leads to: Partially Recovered,110,30-10-2023 22:00,29-11-2023 22:00,0,
59,519,,19-08-2023,50000,rtgs,ADV970504,Emergency inventory pooling,590,Partially Recovered,30458,Profile performance leads to: Partially Recovered,103,18-08-2023 22:00,17-09-2023 22:00,0,
60,514,603,07-05-2023,20000,neft,ADV888887,Insurance premium advance,600,Fully Recovered,20000,Profile performance leads to: Fully Recovered,101,06-05-2023 19:00,05-06-2023 19:00,0,
61,517,620,19-03-2023,50000,neft,ADV255716,Dealer commission advance,610,Fully Recovered,50000,Profile performance leads to: Fully Recovered,109,18-03-2023 23:00,17-04-2023 23:00,0,
62,519,,16-03-2023,20000,neft,ADV250157,Emergency inventory pooling,620,Fully Recovered,20000,Profile performance leads to: Fully Recovered,102,15-03-2023 20:00,14-04-2023 20:00,0,
63,520,601,05-10-2023,50000,upi,ADV728556,Bridge financing for trade-in,630,Not Recovered,0,Profile performance leads to: Not Recovered,102,04-10-2023 19:00,03-11-2023 19:00,0,
64,506,603,12-12-2023,50000,upi,ADV498447,Insurance premium advance,640,Fully Recovered,50000,Profile performance leads to: Fully Recovered,105,11-12-2023 22:00,10-01-2024 22:00,0,
65,513,618,17-11-2023,50000,cheque,ADV602003,Insurance premium advance,650,Partially Recovered,29272,Profile performance leads to: Partially Recovered,104,16-11-2023 23:00,16-12-2023 23:00,0,
66,511,607,23-05-2023,50000,neft,ADV791127,Insurance premium advance,660,Fully Recovered,50000,Profile performance leads to: Fully Recovered,108,22-05-2023 22:00,21-06-2023 22:00,0,
67,508,619,27-02-2023,80000,rtgs,ADV621071,RTO tax clearance advance,670,Partially Recovered,34959,Profile performance leads to: Partially Recovered,103,26-02-2023 23:00,28-03-2023 23:00,0,
68,518,605,21-07-2023,50000,cash,ADV320525,Insurance premium advance,680,Partially Recovered,17789,Profile performance leads to: Partially Recovered,106,20-07-2023 23:00,19-08-2023 23:00,0,
69,512,610,28-07-2023,20000,rtgs,ADV916781,Emergency inventory pooling,690,Fully Recovered,20000,Profile performance leads to: Fully Recovered,102,27-07-2023 23:00,26-08-2023 23:00,0,
70,501,602,24-07-2023,80000,imps,ADV942875,Emergency inventory pooling,700,Not Recovered,0,Profile performance leads to: Not Recovered,101,23-07-2023 22:00,22-08-2023 22:00,0,
71,504,620,09-04-2023,20000,cash,ADV548759,RTO tax clearance advance,710,Partially Recovered,8342,Profile performance leads to: Partially Recovered,103,08-04-2023 20:00,08-05-2023 20:00,0,
72,508,,28-03-2023,50000,imps,ADV931537,Dealer commission advance,720,Partially Recovered,32430,Profile performance leads to: Partially Recovered,104,27-03-2023 21:00,26-04-2023 21:00,0,
73,501,608,19-05-2023,50000,imps,ADV944609,Dealer commission advance,730,Fully Recovered,50000,Profile performance leads to: Fully Recovered,107,18-05-2023 20:00,17-06-2023 20:00,0,
74,502,620,13-10-2023,50000,imps,ADV393234,Emergency inventory pooling,740,Not Recovered,0,Profile performance leads to: Not Recovered,101,12-10-2023 21:00,11-11-2023 21:00,0,
75,503,,09-07-2023,20000,cheque,ADV947038,Dealer commission advance,750,Partially Recovered,9912,Profile performance leads to: Partially Recovered,103,08-07-2023 21:00,07-08-2023 21:00,0,
76,515,612,04-02-2023,50000,neft,ADV511305,Emergency inventory pooling,760,Not Recovered,0,Profile performance leads to: Not Recovered,108,03-02-2023 20:00,05-03-2023 20:00,0,
77,502,614,26-02-2023,150000,cheque,ADV592056,RTO tax clearance advance,770,Partially Recovered,60610,Profile performance leads to: Partially Recovered,104,25-02-2023 20:00,27-03-2023 20:00,0,
78,510,607,10-12-2023,50000,upi,ADV407762,Insurance premium advance,780,Partially Recovered,23517,Profile performance leads to: Partially Recovered,105,09-12-2023 22:00,08-01-2024 22:00,0,
79,504,,01-09-2023,50000,upi,ADV953693,Insurance premium advance,790,Fully Recovered,50000,Profile performance leads to: Fully Recovered,103,31-08-2023 21:00,30-09-2023 21:00,0,
80,502,,29-04-2023,50000,neft,ADV485465,Short term vehicle modification,800,Fully Recovered,50000,Profile performance leads to: Fully Recovered,105,28-04-2023 23:00,28-05-2023 23:00,0,
81,502,,29-04-2023,20000,rtgs,ADV526556,Bridge financing for trade-in,810,Not Recovered,0,Profile performance leads to: Not Recovered,108,28-04-2023 22:00,28-05-2023 22:00,0,
82,518,601,04-09-2023,50000,upi,ADV106095,RTO tax clearance advance,820,Partially Recovered,26571,Profile performance leads to: Partially Recovered,107,03-09-2023 19:00,03-10-2023 19:00,0,
83,511,620,09-10-2023,80000,rtgs,ADV442874,RTO tax clearance advance,830,Fully Recovered,80000,Profile performance leads to: Fully Recovered,105,08-10-2023 19:00,07-11-2023 19:00,0,
84,510,618,27-02-2023,20000,neft,ADV215193,Dealer commission advance,840,Fully Recovered,20000,Profile performance leads to: Fully Recovered,101,26-02-2023 23:00,28-03-2023 23:00,0,
85,506,615,30-08-2023,20000,upi,ADV903120,Dealer commission advance,850,Fully Recovered,20000,Profile performance leads to: Fully Recovered,110,29-08-2023 20:00,28-09-2023 20:00,0,
86,508,610,28-11-2023,20000,cheque,ADV845497,RTO tax clearance advance,860,Fully Recovered,20000,Profile performance leads to: Fully Recovered,101,27-11-2023 22:00,27-12-2023 22:00,0,
87,509,620,16-07-2023,50000,upi,ADV342656,Bridge financing for trade-in,870,Partially Recovered,21391,Profile performance leads to: Partially Recovered,107,15-07-2023 23:00,14-08-2023 23:00,0,
88,506,601,02-08-2023,150000,upi,ADV562264,Insurance premium advance,880,Fully Recovered,150000,Profile performance leads to: Fully Recovered,105,01-08-2023 22:00,31-08-2023 22:00,0,
89,514,,16-09-2023,20000,cash,ADV818080,Emergency inventory pooling,890,Not Recovered,0,Profile performance leads to: Not Recovered,108,15-09-2023 22:00,15-10-2023 22:00,0,
90,506,,27-12-2023,50000,cheque,ADV237353,Insurance premium advance,900,Fully Recovered,50000,Profile performance leads to: Fully Recovered,110,26-12-2023 23:00,25-01-2024 23:00,0,
91,520,608,26-01-2023,20000,upi,ADV558318,Bridge financing for trade-in,910,Partially Recovered,8969,Profile performance leads to: Partially Recovered,108,25-01-2023 23:00,24-02-2023 23:00,0,
92,502,608,17-07-2023,150000,imps,ADV254501,Dealer commission advance,920,Partially Recovered,62562,Profile performance leads to: Partially Recovered,103,16-07-2023 20:00,15-08-2023 20:00,0,
93,520,,12-07-2023,20000,cash,ADV676825,Bridge financing for trade-in,930,Partially Recovered,13479,Profile performance leads to: Partially Recovered,105,11-07-2023 23:00,10-08-2023 23:00,0,
94,508,,12-02-2023,50000,imps,ADV461642,RTO tax clearance advance,940,Fully Recovered,50000,Profile performance leads to: Fully Recovered,109,11-02-2023 19:00,13-03-2023 19:00,0,
95,505,,05-02-2023,80000,cash,ADV999646,Dealer commission advance,950,Partially Recovered,35954,Profile performance leads to: Partially Recovered,107,04-02-2023 19:00,06-03-2023 19:00,0,
96,510,606,25-04-2023,80000,cash,ADV832026,Bridge financing for trade-in,960,Fully Recovered,80000,Profile performance leads to: Fully Recovered,106,24-04-2023 23:00,24-05-2023 23:00,0,
97,504,611,29-03-2023,50000,imps,ADV125404,Dealer commission advance,970,Fully Recovered,50000,Profile performance leads to: Fully Recovered,105,28-03-2023 22:00,27-04-2023 22:00,0,
98,519,,10-12-2023,50000,cheque,ADV740642,Insurance premium advance,980,Partially Recovered,17679,Profile performance leads to: Partially Recovered,110,09-12-2023 21:00,08-01-2024 21:00,0,
99,518,617,01-11-2023,50000,upi,ADV682484,Bridge financing for trade-in,990,Fully Recovered,50000,Profile performance leads to: Fully Recovered,102,31-10-2023 22:00,30-11-2023 22:00,0,
100,511,,01-11-2023,20000,neft,ADV302446,RTO tax clearance advance,1000,Fully Recovered,20000,Profile performance leads to: Fully Recovered,108,31-10-2023 22:00,30-11-2023 22:00,0,
101,515,604,27-03-2023,20000,cash,ADV158825,Insurance premium advance,1010,Partially Recovered,11589,Profile performance leads to: Partially Recovered,104,26-03-2023 21:00,25-04-2023 21:00,0,
102,512,620,11-09-2023,50000,rtgs,ADV167141,Bridge financing for trade-in,1020,Fully Recovered,50000,Profile performance leads to: Fully Recovered,107,10-09-2023 20:00,10-10-2023 20:00,0,
103,514,605,17-11-2023,20000,cash,ADV519641,Bridge financing for trade-in,1030,Fully Recovered,20000,Profile performance leads to: Fully Recovered,107,16-11-2023 20:00,16-12-2023 20:00,0,
104,514,605,20-06-2023,20000,cash,ADV514632,Dealer commission advance,1040,Fully Recovered,20000,Profile performance leads to: Fully Recovered,105,19-06-2023 20:00,19-07-2023 20:00,0,
105,506,,21-04-2023,50000,imps,ADV330382,Bridge financing for trade-in,1050,Not Recovered,0,Profile performance leads to: Not Recovered,104,20-04-2023 22:00,20-05-2023 22:00,0,
106,514,,03-06-2023,150000,upi,ADV547048,Dealer commission advance,1060,Fully Recovered,150000,Profile performance leads to: Fully Recovered,108,02-06-2023 23:00,02-07-2023 23:00,0,
107,512,,08-01-2024,50000,cash,ADV170635,Dealer commission advance,1070,Partially Recovered,32665,Profile performance leads to: Partially Recovered,103,07-01-2024 22:00,06-02-2024 22:00,0,
108,502,,25-07-2023,20000,upi,ADV961621,Short term vehicle modification,1080,Partially Recovered,13130,Profile performance leads to: Partially Recovered,105,24-07-2023 19:00,23-08-2023 19:00,0,
109,516,606,09-09-2023,20000,imps,ADV627831,Emergency inventory pooling,1090,Fully Recovered,20000,Profile performance leads to: Fully Recovered,107,08-09-2023 22:00,08-10-2023 22:00,0,
110,515,615,14-01-2024,150000,cheque,ADV956798,Emergency inventory pooling,1100,Fully Recovered,150000,Profile performance leads to: Fully Recovered,102,13-01-2024 19:00,12-02-2024 19:00,0,
111,516,619,12-03-2023,20000,imps,ADV314531,Dealer commission advance,1110,Fully Recovered,20000,Profile performance leads to: Fully Recovered,110,11-03-2023 20:00,10-04-2023 20:00,0,
112,513,606,12-08-2023,20000,neft,ADV808517,Insurance premium advance,1120,Fully Recovered,20000,Profile performance leads to: Fully Recovered,110,11-08-2023 20:00,10-09-2023 20:00,0,
113,504,606,09-02-2023,50000,cash,ADV928357,Insurance premium advance,1130,Not Recovered,0,Profile performance leads to: Not Recovered,104,08-02-2023 22:00,10-03-2023 22:00,0,
114,510,609,30-09-2023,50000,rtgs,ADV666500,Insurance premium advance,1140,Partially Recovered,23109,Profile performance leads to: Partially Recovered,105,29-09-2023 23:00,29-10-2023 23:00,0,
115,507,617,29-11-2023,50000,imps,ADV316893,RTO tax clearance advance,1150,Fully Recovered,50000,Profile performance leads to: Fully Recovered,104,28-11-2023 23:00,28-12-2023 23:00,0,
116,501,601,03-09-2023,20000,imps,ADV771209,Bridge financing for trade-in,1160,Not Recovered,0,Profile performance leads to: Not Recovered,110,02-09-2023 21:00,02-10-2023 21:00,0,
117,515,,13-04-2023,20000,cash,ADV399934,RTO tax clearance advance,1170,Partially Recovered,13013,Profile performance leads to: Partially Recovered,105,12-04-2023 19:00,12-05-2023 19:00,0,
118,503,609,20-01-2023,150000,cheque,ADV125193,Insurance premium advance,1180,Partially Recovered,104122,Profile performance leads to: Partially Recovered,108,19-01-2023 20:00,18-02-2023 20:00,0,
119,506,609,21-05-2023,20000,imps,ADV695863,Bridge financing for trade-in,1190,Not Recovered,0,Profile performance leads to: Not Recovered,102,20-05-2023 23:00,19-06-2023 23:00,0,
120,514,,29-03-2023,50000,cash,ADV296919,Dealer commission advance,1200,Partially Recovered,20231,Profile performance leads to: Partially Recovered,102,28-03-2023 21:00,27-04-2023 21:00,0,
121,508,,24-05-2023,80000,cheque,ADV691318,Dealer commission advance,1210,Partially Recovered,35974,Profile performance leads to: Partially Recovered,104,23-05-2023 23:00,22-06-2023 23:00,0,
122,506,610,30-12-2023,50000,neft,ADV213541,Emergency inventory pooling,1220,Not Recovered,0,Profile performance leads to: Not Recovered,104,29-12-2023 21:00,28-01-2024 21:00,0,
123,514,,29-08-2023,50000,cash,ADV215054,RTO tax clearance advance,1230,Partially Recovered,21899,Profile performance leads to: Partially Recovered,102,28-08-2023 19:00,27-09-2023 19:00,0,
124,509,619,05-12-2023,20000,neft,ADV824485,Bridge financing for trade-in,1240,Partially Recovered,11138,Profile performance leads to: Partially Recovered,104,04-12-2023 19:00,03-01-2024 19:00,0,
125,508,616,02-07-2023,50000,rtgs,ADV327265,Insurance premium advance,1250,Fully Recovered,50000,Profile performance leads to: Fully Recovered,108,01-07-2023 19:00,31-07-2023 19:00,0,
126,504,,26-06-2023,100000,cash,ADV769958,Bridge financing for trade-in,1260,Fully Recovered,100000,Profile performance leads to: Fully Recovered,110,25-06-2023 23:00,25-07-2023 23:00,0,
127,506,611,27-06-2023,150000,rtgs,ADV367681,Bridge financing for trade-in,1270,Partially Recovered,49088,Profile performance leads to: Partially Recovered,108,26-06-2023 21:00,26-07-2023 21:00,0,
128,520,608,02-02-2023,20000,imps,ADV385148,Dealer commission advance,1280,Not Recovered,0,Profile performance leads to: Not Recovered,107,01-02-2023 23:00,03-03-2023 23:00,0,
129,518,609,17-12-2023,20000,imps,ADV525372,RTO tax clearance advance,1290,Fully Recovered,20000,Profile performance leads to: Fully Recovered,105,16-12-2023 19:00,15-01-2024 19:00,0,
130,509,609,12-01-2024,150000,neft,ADV179532,Bridge financing for trade-in,1300,Fully Recovered,150000,Profile performance leads to: Fully Recovered,107,11-01-2024 22:00,10-02-2024 22:00,0,
131,514,,28-07-2023,80000,cash,ADV300206,Insurance premium advance,1310,Fully Recovered,80000,Profile performance leads to: Fully Recovered,106,27-07-2023 23:00,26-08-2023 23:00,0,
132,505,601,01-07-2023,100000,cheque,ADV640070,Bridge financing for trade-in,1320,Partially Recovered,38689,Profile performance leads to: Partially Recovered,104,30-06-2023 21:00,30-07-2023 21:00,0,
133,518,,08-04-2023,20000,imps,ADV435249,Emergency inventory pooling,1330,Partially Recovered,10045,Profile performance leads to: Partially Recovered,102,07-04-2023 22:00,07-05-2023 22:00,0,
134,518,608,21-01-2023,50000,upi,ADV754799,Bridge financing for trade-in,1340,Fully Recovered,50000,Profile performance leads to: Fully Recovered,104,20-01-2023 23:00,19-02-2023 23:00,0,
135,501,,15-12-2023,80000,neft,ADV522907,Insurance premium advance,1350,Not Recovered,0,Profile performance leads to: Not Recovered,106,14-12-2023 21:00,13-01-2024 21:00,0,
136,506,,07-06-2023,50000,upi,ADV395522,RTO tax clearance advance,1360,Fully Recovered,50000,Profile performance leads to: Fully Recovered,102,06-06-2023 23:00,06-07-2023 23:00,0,
137,513,,29-09-2023,50000,cash,ADV981637,RTO tax clearance advance,1370,Fully Recovered,50000,Profile performance leads to: Fully Recovered,104,28-09-2023 19:00,28-10-2023 19:00,0,
138,501,618,16-02-2023,20000,neft,ADV137844,Short term vehicle modification,1380,Partially Recovered,13696,Profile performance leads to: Partially Recovered,102,15-02-2023 19:00,17-03-2023 19:00,0,
139,520,611,09-01-2024,50000,imps,ADV262285,RTO tax clearance advance,1390,Fully Recovered,50000,Profile performance leads to: Fully Recovered,102,08-01-2024 23:00,07-02-2024 23:00,0,
140,504,,26-07-2023,20000,cash,ADV735761,Insurance premium advance,1400,Not Recovered,0,Profile performance leads to: Not Recovered,101,25-07-2023 19:00,24-08-2023 19:00,0,
141,514,616,07-04-2023,50000,neft,ADV837446,Dealer commission advance,1410,Not Recovered,0,Profile performance leads to: Not Recovered,107,06-04-2023 20:00,06-05-2023 20:00,0,
142,513,618,30-06-2023,150000,neft,ADV207825,RTO tax clearance advance,1420,Fully Recovered,150000,Profile performance leads to: Fully Recovered,109,29-06-2023 23:00,29-07-2023 23:00,0,
143,515,619,24-07-2023,50000,cheque,ADV483583,Insurance premium advance,1430,Fully Recovered,50000,Profile performance leads to: Fully Recovered,104,23-07-2023 20:00,22-08-2023 20:00,0,
144,518,,17-01-2023,100000,imps,ADV937637,Insurance premium advance,1440,Fully Recovered,100000,Profile performance leads to: Fully Recovered,106,16-01-2023 20:00,15-02-2023 20:00,0,
145,517,619,06-03-2023,20000,upi,ADV189325,Insurance premium advance,1450,Fully Recovered,20000,Profile performance leads to: Fully Recovered,104,05-03-2023 19:00,04-04-2023 19:00,0,
146,505,,12-11-2023,50000,upi,ADV966754,RTO tax clearance advance,1460,Fully Recovered,50000,Profile performance leads to: Fully Recovered,108,11-11-2023 20:00,11-12-2023 20:00,0,
147,518,618,04-03-2023,150000,cash,ADV707274,Bridge financing for trade-in,1470,Partially Recovered,87768,Profile performance leads to: Partially Recovered,107,03-03-2023 22:00,02-04-2023 22:00,0,
148,504,603,03-01-2024,20000,cash,ADV308882,Dealer commission advance,1480,Fully Recovered,20000,Profile performance leads to: Fully Recovered,104,02-01-2024 20:00,01-02-2024 20:00,0,
149,507,604,28-09-2023,20000,imps,ADV599636,Short term vehicle modification,1490,Partially Recovered,11755,Profile performance leads to: Partially Recovered,101,27-09-2023 23:00,27-10-2023 23:00,0,
150,505,618,24-05-2023,50000,neft,ADV662361,Dealer commission advance,1500,Fully Recovered,50000,Profile performance leads to: Fully Recovered,108,23-05-2023 21:00,22-06-2023 21:00,0,
151,509,620,15-09-2023,20000,imps,ADV367998,Emergency inventory pooling,1510,Not Recovered,0,Profile performance leads to: Not Recovered,101,14-09-2023 19:00,14-10-2023 19:00,0,
152,520,612,15-11-2023,80000,cash,ADV716628,Emergency inventory pooling,1520,Fully Recovered,80000,Profile performance leads to: Fully Recovered,103,14-11-2023 20:00,14-12-2023 20:00,0,
153,505,,10-07-2023,150000,cheque,ADV561092,Bridge financing for trade-in,1530,Fully Recovered,150000,Profile performance leads to: Fully Recovered,105,09-07-2023 22:00,08-08-2023 22:00,0,
154,503,601,15-12-2023,50000,rtgs,ADV487572,Dealer commission advance,1540,Fully Recovered,50000,Profile performance leads to: Fully Recovered,106,14-12-2023 21:00,13-01-2024 21:00,0,
155,511,,10-05-2023,20000,upi,ADV359485,Insurance premium advance,1550,Not Recovered,0,Profile performance leads to: Not Recovered,104,09-05-2023 19:00,08-06-2023 19:00,0,
156,512,607,29-08-2023,50000,imps,ADV271016,Emergency inventory pooling,1560,Fully Recovered,50000,Profile performance leads to: Fully Recovered,110,28-08-2023 22:00,27-09-2023 22:00,0,
157,520,609,09-04-2023,80000,upi,ADV519618,Bridge financing for trade-in,1570,Fully Recovered,80000,Profile performance leads to: Fully Recovered,107,08-04-2023 22:00,08-05-2023 22:00,0,
158,507,,18-05-2023,20000,upi,ADV590864,Bridge financing for trade-in,1580,Not Recovered,0,Profile performance leads to: Not Recovered,104,17-05-2023 20:00,16-06-2023 20:00,0,
159,511,619,23-06-2023,50000,cheque,ADV686739,Short term vehicle modification,1590,Fully Recovered,50000,Profile performance leads to: Fully Recovered,102,22-06-2023 23:00,22-07-2023 23:00,0,
160,501,607,25-12-2023,50000,imps,ADV446293,Insurance premium advance,1600,Partially Recovered,31287,Profile performance leads to: Partially Recovered,110,24-12-2023 20:00,23-01-2024 20:00,0,
161,511,,05-11-2023,50000,upi,ADV674675,RTO tax clearance advance,1610,Fully Recovered,50000,Profile performance leads to: Fully Recovered,103,04-11-2023 19:00,04-12-2023 19:00,0,
162,511,604,20-02-2023,20000,imps,ADV104509,Dealer commission advance,1620,Partially Recovered,6051,Profile performance leads to: Partially Recovered,109,19-02-2023 19:00,21-03-2023 19:00,0,
163,510,611,18-10-2023,80000,cash,ADV314442,Dealer commission advance,1630,Partially Recovered,52830,Profile performance leads to: Partially Recovered,107,17-10-2023 20:00,16-11-2023 20:00,0,
164,505,618,03-06-2023,20000,cash,ADV602257,RTO tax clearance advance,1640,Fully Recovered,20000,Profile performance leads to: Fully Recovered,110,02-06-2023 20:00,02-07-2023 20:00,0,
165,512,,22-09-2023,20000,cash,ADV687386,Bridge financing for trade-in,1650,Fully Recovered,20000,Profile performance leads to: Fully Recovered,105,21-09-2023 22:00,21-10-2023 22:00,0,
166,513,601,12-01-2024,100000,upi,ADV432037,Short term vehicle modification,1660,Not Recovered,0,Profile performance leads to: Not Recovered,106,11-01-2024 21:00,10-02-2024 21:00,0,
167,511,,11-06-2023,80000,rtgs,ADV844615,Short term vehicle modification,1670,Fully Recovered,80000,Profile performance leads to: Fully Recovered,106,10-06-2023 22:00,10-07-2023 22:00,0,
168,502,616,21-01-2023,20000,cheque,ADV231891,Insurance premium advance,1680,Fully Recovered,20000,Profile performance leads to: Fully Recovered,109,20-01-2023 21:00,19-02-2023 21:00,0,
169,516,615,14-12-2023,20000,imps,ADV547185,Short term vehicle modification,1690,Fully Recovered,20000,Profile performance leads to: Fully Recovered,105,13-12-2023 22:00,12-01-2024 22:00,0,
170,502,620,31-12-2023,20000,cash,ADV942836,Insurance premium advance,1700,Partially Recovered,9736,Profile performance leads to: Partially Recovered,108,30-12-2023 22:00,29-01-2024 22:00,0,
171,515,602,19-04-2023,20000,imps,ADV661167,Insurance premium advance,1710,Fully Recovered,20000,Profile performance leads to: Fully Recovered,103,18-04-2023 20:00,18-05-2023 20:00,0,
172,511,611,13-02-2023,20000,neft,ADV857135,Short term vehicle modification,1720,Fully Recovered,20000,Profile performance leads to: Fully Recovered,109,12-02-2023 20:00,14-03-2023 20:00,0,
173,502,,23-09-2023,20000,neft,ADV682557,Bridge financing for trade-in,1730,Fully Recovered,20000,Profile performance leads to: Fully Recovered,106,22-09-2023 22:00,22-10-2023 22:00,0,
174,509,617,24-01-2023,50000,cash,ADV931896,RTO tax clearance advance,1740,Fully Recovered,50000,Profile performance leads to: Fully Recovered,105,23-01-2023 20:00,22-02-2023 20:00,0,
175,504,619,03-01-2024,80000,cash,ADV883176,Short term vehicle modification,1750,Fully Recovered,80000,Profile performance leads to: Fully Recovered,101,02-01-2024 23:00,01-02-2024 23:00,0,
176,503,,10-02-2023,50000,imps,ADV406697,Dealer commission advance,1760,Fully Recovered,50000,Profile performance leads to: Fully Recovered,108,09-02-2023 21:00,11-03-2023 21:00,0,
177,515,,11-03-2023,50000,rtgs,ADV826971,Bridge financing for trade-in,1770,Partially Recovered,24614,Profile performance leads to: Partially Recovered,103,10-03-2023 19:00,09-04-2023 19:00,0,
178,502,610,17-05-2023,20000,cash,ADV308057,Short term vehicle modification,1780,Fully Recovered,20000,Profile performance leads to: Fully Recovered,104,16-05-2023 19:00,15-06-2023 19:00,0,
179,507,,29-12-2023,150000,imps,ADV109038,RTO tax clearance advance,1790,Not Recovered,0,Profile performance leads to: Not Recovered,103,28-12-2023 23:00,27-01-2024 23:00,0,
180,503,619,07-09-2023,100000,cash,ADV176738,Short term vehicle modification,1800,Fully Recovered,100000,Profile performance leads to: Fully Recovered,105,06-09-2023 22:00,06-10-2023 22:00,0,
181,519,618,21-09-2023,100000,neft,ADV999205,Emergency inventory pooling,1810,Fully Recovered,100000,Profile performance leads to: Fully Recovered,109,20-09-2023 22:00,20-10-2023 22:00,0,
182,511,617,29-10-2023,100000,rtgs,ADV409543,Bridge financing for trade-in,1820,Fully Recovered,100000,Profile performance leads to: Fully Recovered,107,28-10-2023 21:00,27-11-2023 21:00,0,
183,515,,01-09-2023,150000,upi,ADV327128,Bridge financing for trade-in,1830,Not Recovered,0,Profile performance leads to: Not Recovered,102,31-08-2023 23:00,30-09-2023 23:00,0,
184,512,619,10-07-2023,50000,imps,ADV874750,Bridge financing for trade-in,1840,Not Recovered,0,Profile performance leads to: Not Recovered,103,09-07-2023 20:00,08-08-2023 20:00,0,
185,514,611,09-02-2023,20000,imps,ADV794382,RTO tax clearance advance,1850,Partially Recovered,13883,Profile performance leads to: Partially Recovered,102,08-02-2023 23:00,10-03-2023 23:00,0,
186,501,620,21-03-2023,50000,neft,ADV974741,Bridge financing for trade-in,1860,Partially Recovered,33065,Profile performance leads to: Partially Recovered,106,20-03-2023 23:00,19-04-2023 23:00,0,
187,508,,01-08-2023,80000,cheque,ADV707779,Insurance premium advance,1870,Partially Recovered,44188,Profile performance leads to: Partially Recovered,110,31-07-2023 23:00,30-08-2023 23:00,0,
188,502,608,04-05-2023,80000,cheque,ADV482483,Bridge financing for trade-in,1880,Partially Recovered,43517,Profile performance leads to: Partially Recovered,106,03-05-2023 21:00,02-06-2023 21:00,0,
189,519,,11-10-2023,50000,cash,ADV522194,RTO tax clearance advance,1890,Fully Recovered,50000,Profile performance leads to: Fully Recovered,107,10-10-2023 20:00,09-11-2023 20:00,0,
190,519,605,04-08-2023,20000,imps,ADV142668,Insurance premium advance,1900,Fully Recovered,20000,Profile performance leads to: Fully Recovered,105,03-08-2023 19:00,02-09-2023 19:00,0,
191,513,,16-06-2023,50000,neft,ADV814354,RTO tax clearance advance,1910,Partially Recovered,25480,Profile performance leads to: Partially Recovered,102,15-06-2023 22:00,15-07-2023 22:00,0,
192,503,,12-02-2023,150000,rtgs,ADV401541,Emergency inventory pooling,1920,Not Recovered,0,Profile performance leads to: Not Recovered,104,11-02-2023 23:00,13-03-2023 23:00,0,
193,501,612,20-07-2023,50000,imps,ADV744867,Bridge financing for trade-in,1930,Not Recovered,0,Profile performance leads to: Not Recovered,102,19-07-2023 21:00,18-08-2023 21:00,0,
194,513,608,28-05-2023,50000,cash,ADV269320,Emergency inventory pooling,1940,Fully Recovered,50000,Profile performance leads to: Fully Recovered,109,27-05-2023 22:00,26-06-2023 22:00,0,
195,510,614,26-12-2023,20000,imps,ADV498314,Bridge financing for trade-in,1950,Fully Recovered,20000,Profile performance leads to: Fully Recovered,103,25-12-2023 21:00,24-01-2024 21:00,0,
196,508,606,13-08-2023,50000,cheque,ADV918236,RTO tax clearance advance,1960,Fully Recovered,50000,Profile performance leads to: Fully Recovered,109,12-08-2023 19:00,11-09-2023 19:00,0,
197,503,605,31-07-2023,100000,cheque,ADV828296,Dealer commission advance,1970,Not Recovered,0,Profile performance leads to: Not Recovered,106,30-07-2023 22:00,29-08-2023 22:00,0,
198,511,606,07-02-2023,50000,cash,ADV707603,Short term vehicle modification,1980,Not Recovered,0,Profile performance leads to: Not Recovered,101,06-02-2023 21:00,08-03-2023 21:00,0,
199,509,614,23-02-2023,80000,neft,ADV754067,Bridge financing for trade-in,1990,Not Recovered,0,Profile performance leads to: Not Recovered,105,22-02-2023 23:00,24-03-2023 23:00,0,
200,503,604,03-11-2023,50000,imps,ADV122283,Emergency inventory pooling,2000,Partially Recovered,28865,Profile performance leads to: Partially Recovered,107,02-11-2023 20:00,02-12-2023 20:00,0,
201,515,,13-12-2023,50000,cheque,ADV355062,RTO tax clearance advance,2010,Fully Recovered,50000,Profile performance leads to: Fully Recovered,103,12-12-2023 23:00,11-01-2024 23:00,0,
202,520,615,20-10-2023,20000,cash,ADV450827,RTO tax clearance advance,2020,Fully Recovered,20000,Profile performance leads to: Fully Recovered,101,19-10-2023 19:00,18-11-2023 19:00,0,
203,504,614,08-04-2023,80000,rtgs,ADV186629,Emergency inventory pooling,2030,Fully Recovered,80000,Profile performance leads to: Fully Recovered,108,07-04-2023 23:00,07-05-2023 23:00,0,
204,507,620,06-02-2023,50000,rtgs,ADV836204,Short term vehicle modification,2040,Not Recovered,0,Profile performance leads to: Not Recovered,102,05-02-2023 23:00,07-03-2023 23:00,0,
205,516,602,12-08-2023,50000,cheque,ADV516248,Bridge financing for trade-in,2050,Fully Recovered,50000,Profile performance leads to: Fully Recovered,101,11-08-2023 22:00,10-09-2023 22:00,0,
206,518,,16-03-2023,50000,imps,ADV109346,Short term vehicle modification,2060,Fully Recovered,50000,Profile performance leads to: Fully Recovered,105,15-03-2023 19:00,14-04-2023 19:00,0,
207,502,612,12-08-2023,150000,cheque,ADV241086,RTO tax clearance advance,2070,Partially Recovered,65918,Profile performance leads to: Partially Recovered,107,11-08-2023 19:00,10-09-2023 19:00,0,
208,505,616,03-01-2024,20000,neft,ADV319084,Bridge financing for trade-in,2080,Fully Recovered,20000,Profile performance leads to: Fully Recovered,107,02-01-2024 21:00,01-02-2024 21:00,0,
209,517,602,01-10-2023,100000,neft,ADV452598,Insurance premium advance,2090,Partially Recovered,48228,Profile performance leads to: Partially Recovered,106,30-09-2023 19:00,30-10-2023 19:00,0,
210,513,603,26-03-2023,20000,rtgs,ADV331375,Emergency inventory pooling,2100,Fully Recovered,20000,Profile performance leads to: Fully Recovered,106,25-03-2023 21:00,24-04-2023 21:00,0,
211,503,614,26-05-2023,50000,cash,ADV624700,Bridge financing for trade-in,2110,Fully Recovered,50000,Profile performance leads to: Fully Recovered,107,25-05-2023 22:00,24-06-2023 22:00,0,
212,502,616,02-09-2023,20000,rtgs,ADV615895,Short term vehicle modification,2120,Partially Recovered,10800,Profile performance leads to: Partially Recovered,110,01-09-2023 23:00,01-10-2023 23:00,0,
213,517,620,25-07-2023,50000,neft,ADV698165,RTO tax clearance advance,2130,Fully Recovered,50000,Profile performance leads to: Fully Recovered,105,24-07-2023 20:00,23-08-2023 20:00,0,
214,501,605,13-04-2023,50000,rtgs,ADV195724,Emergency inventory pooling,2140,Fully Recovered,50000,Profile performance leads to: Fully Recovered,105,12-04-2023 20:00,12-05-2023 20:00,0,
215,508,,23-11-2023,20000,upi,ADV845412,Insurance premium advance,2150,Partially Recovered,13393,Profile performance leads to: Partially Recovered,108,22-11-2023 20:00,22-12-2023 20:00,0,
216,519,620,21-09-2023,50000,imps,ADV811751,Dealer commission advance,2160,Fully Recovered,50000,Profile performance leads to: Fully Recovered,102,20-09-2023 22:00,20-10-2023 22:00,0,
217,511,615,18-10-2023,150000,neft,ADV317756,Short term vehicle modification,2170,Fully Recovered,150000,Profile performance leads to: Fully Recovered,107,17-10-2023 20:00,16-11-2023 20:00,0,
218,509,619,20-05-2023,20000,cheque,ADV245446,Bridge financing for trade-in,2180,Partially Recovered,9261,Profile performance leads to: Partially Recovered,108,19-05-2023 21:00,18-06-2023 21:00,0,
219,510,,20-04-2023,80000,upi,ADV916505,Insurance premium advance,2190,Partially Recovered,28543,Profile performance leads to: Partially Recovered,109,19-04-2023 20:00,19-05-2023 20:00,0,
220,520,614,28-12-2023,50000,cheque,ADV449251,Emergency inventory pooling,2200,Partially Recovered,32166,Profile performance leads to: Partially Recovered,108,27-12-2023 19:00,26-01-2024 19:00,0,
221,513,605,10-08-2023,50000,rtgs,ADV855608,RTO tax clearance advance,2210,Fully Recovered,50000,Profile performance leads to: Fully Recovered,105,09-08-2023 22:00,08-09-2023 22:00,0,
222,504,606,05-12-2023,20000,cash,ADV102740,Short term vehicle modification,2220,Fully Recovered,20000,Profile performance leads to: Fully Recovered,102,04-12-2023 23:00,03-01-2024 23:00,0,
223,520,,29-10-2023,20000,cheque,ADV870323,Bridge financing for trade-in,2230,Partially Recovered,11262,Profile performance leads to: Partially Recovered,109,28-10-2023 23:00,27-11-2023 23:00,0,
224,508,616,12-04-2023,20000,imps,ADV510122,Bridge financing for trade-in,2240,Partially Recovered,6397,Profile performance leads to: Partially Recovered,106,11-04-2023 21:00,11-05-2023 21:00,0,
225,501,611,10-10-2023,20000,rtgs,ADV882534,RTO tax clearance advance,2250,Fully Recovered,20000,Profile performance leads to: Fully Recovered,108,09-10-2023 23:00,08-11-2023 23:00,0,
226,514,,31-05-2023,20000,imps,ADV190194,Insurance premium advance,2260,Fully Recovered,20000,Profile performance leads to: Fully Recovered,102,30-05-2023 23:00,29-06-2023 23:00,0,
227,520,614,01-09-2023,50000,cheque,ADV902884,Emergency inventory pooling,2270,Not Recovered,0,Profile performance leads to: Not Recovered,104,31-08-2023 21:00,30-09-2023 21:00,0,
228,503,601,27-03-2023,100000,rtgs,ADV963923,Dealer commission advance,2280,Fully Recovered,100000,Profile performance leads to: Fully Recovered,110,26-03-2023 20:00,25-04-2023 20:00,0,
229,512,608,29-07-2023,100000,neft,ADV520106,Bridge financing for trade-in,2290,Not Recovered,0,Profile performance leads to: Not Recovered,109,28-07-2023 22:00,27-08-2023 22:00,0,
230,501,,30-06-2023,50000,imps,ADV159789,Bridge financing for trade-in,2300,Fully Recovered,50000,Profile performance leads to: Fully Recovered,104,29-06-2023 22:00,29-07-2023 22:00,0,
231,506,617,05-07-2023,20000,neft,ADV435825,RTO tax clearance advance,2310,Not Recovered,0,Profile performance leads to: Not Recovered,104,04-07-2023 22:00,03-08-2023 22:00,0,
232,503,,09-09-2023,20000,upi,ADV727334,Bridge financing for trade-in,2320,Fully Recovered,20000,Profile performance leads to: Fully Recovered,106,08-09-2023 22:00,08-10-2023 22:00,0,
233,509,618,02-07-2023,50000,upi,ADV193752,Short term vehicle modification,2330,Fully Recovered,50000,Profile performance leads to: Fully Recovered,109,01-07-2023 23:00,31-07-2023 23:00,0,
234,502,,12-03-2023,20000,rtgs,ADV139548,Insurance premium advance,2340,Fully Recovered,20000,Profile performance leads to: Fully Recovered,109,11-03-2023 23:00,10-04-2023 23:00,0,
235,514,604,22-04-2023,50000,neft,ADV960624,Insurance premium advance,2350,Fully Recovered,50000,Profile performance leads to: Fully Recovered,106,21-04-2023 19:00,21-05-2023 19:00,0,
236,514,605,30-11-2023,50000,cheque,ADV169170,Insurance premium advance,2360,Partially Recovered,23867,Profile performance leads to: Partially Recovered,110,29-11-2023 23:00,29-12-2023 23:00,0,
237,515,616,24-03-2023,50000,upi,ADV103724,Emergency inventory pooling,2370,Partially Recovered,32072,Profile performance leads to: Partially Recovered,104,23-03-2023 19:00,22-04-2023 19:00,0,
238,515,619,26-02-2023,50000,neft,ADV281917,Insurance premium advance,2380,Fully Recovered,50000,Profile performance leads to: Fully Recovered,106,25-02-2023 22:00,27-03-2023 22:00,0,
239,501,,25-04-2023,100000,rtgs,ADV832975,Emergency inventory pooling,2390,Fully Recovered,100000,Profile performance leads to: Fully Recovered,101,24-04-2023 23:00,24-05-2023 23:00,0,
240,519,616,20-11-2023,80000,imps,ADV670168,Insurance premium advance,2400,Fully Recovered,80000,Profile performance leads to: Fully Recovered,106,19-11-2023 22:00,19-12-2023 22:00,0,
241,520,,18-11-2023,50000,cheque,ADV816117,Short term vehicle modification,2410,Not Recovered,0,Profile performance leads to: Not Recovered,103,17-11-2023 19:00,17-12-2023 19:00,0,
242,505,609,05-11-2023,150000,cash,ADV341293,Short term vehicle modification,2420,Not Recovered,0,Profile performance leads to: Not Recovered,104,04-11-2023 21:00,04-12-2023 21:00,0,
243,512,619,19-03-2023,150000,cash,ADV331342,Bridge financing for trade-in,2430,Not Recovered,0,Profile performance leads to: Not Recovered,109,18-03-2023 20:00,17-04-2023 20:00,0,
244,517,616,26-08-2023,50000,cheque,ADV545327,Short term vehicle modification,2440,Fully Recovered,50000,Profile performance leads to: Fully Recovered,109,25-08-2023 22:00,24-09-2023 22:00,0,
245,508,,28-11-2023,50000,rtgs,ADV513042,Dealer commission advance,2450,Partially Recovered,25675,Profile performance leads to: Partially Recovered,102,27-11-2023 23:00,27-12-2023 23:00,0,
246,517,607,01-04-2023,50000,neft,ADV927189,Short term vehicle modification,2460,Not Recovered,0,Profile performance leads to: Not Recovered,104,31-03-2023 22:00,30-04-2023 22:00,0,
247,509,618,21-09-2023,150000,cash,ADV807137,Bridge financing for trade-in,2470,Fully Recovered,150000,Profile performance leads to: Fully Recovered,107,20-09-2023 20:00,20-10-2023 20:00,0,
248,508,,13-03-2023,100000,imps,ADV170023,Emergency inventory pooling,2480,Not Recovered,0,Profile performance leads to: Not Recovered,101,12-03-2023 19:00,11-04-2023 19:00,0,
249,502,609,07-04-2023,20000,imps,ADV917689,RTO tax clearance advance,2490,Not Recovered,0,Profile performance leads to: Not Recovered,104,06-04-2023 21:00,06-05-2023 21:00,0,
250,517,607,30-12-2023,50000,imps,ADV987938,Short term vehicle modification,2500,Not Recovered,0,Profile performance leads to: Not Recovered,102,29-12-2023 21:00,28-01-2024 21:00,0,
251,504,602,01-04-2023,50000,cheque,ADV330988,Short term vehicle modification,2510,Fully Recovered,50000,Profile performance leads to: Fully Recovered,110,31-03-2023 23:00,30-04-2023 23:00,0,
252,516,,25-03-2023,50000,cash,ADV465797,Bridge financing for trade-in,2520,Partially Recovered,25969,Profile performance leads to: Partially Recovered,104,24-03-2023 22:00,23-04-2023 22:00,0,
253,519,604,16-09-2023,20000,imps,ADV917632,Bridge financing for trade-in,2530,Not Recovered,0,Profile performance leads to: Not Recovered,104,15-09-2023 22:00,15-10-2023 22:00,0,
254,501,,12-08-2023,100000,cash,ADV742643,RTO tax clearance advance,2540,Fully Recovered,100000,Profile performance leads to: Fully Recovered,110,11-08-2023 20:00,10-09-2023 20:00,0,
255,517,610,03-08-2023,50000,cash,ADV734032,RTO tax clearance advance,2550,Fully Recovered,50000,Profile performance leads to: Fully Recovered,105,02-08-2023 19:00,01-09-2023 19:00,0,
256,515,,12-11-2023,100000,imps,ADV404313,Dealer commission advance,2560,Fully Recovered,100000,Profile performance leads to: Fully Recovered,109,11-11-2023 23:00,11-12-2023 23:00,0,
257,506,,01-03-2023,100000,cheque,ADV712923,Short term vehicle modification,2570,Not Recovered,0,Profile performance leads to: Not Recovered,101,28-02-2023 21:00,30-03-2023 21:00,0,
258,507,608,23-06-2023,80000,imps,ADV799679,RTO tax clearance advance,2580,Partially Recovered,43404,Profile performance leads to: Partially Recovered,102,22-06-2023 20:00,22-07-2023 20:00,0,
259,504,620,14-08-2023,50000,cash,ADV869074,Emergency inventory pooling,2590,Fully Recovered,50000,Profile performance leads to: Fully Recovered,109,13-08-2023 23:00,12-09-2023 23:00,0,
260,506,620,13-03-2023,50000,cash,ADV208890,RTO tax clearance advance,2600,Fully Recovered,50000,Profile performance leads to: Fully Recovered,103,12-03-2023 20:00,11-04-2023 20:00,0,
261,509,,15-09-2023,20000,rtgs,ADV602201,Bridge financing for trade-in,2610,Fully Recovered,20000,Profile performance leads to: Fully Recovered,109,14-09-2023 23:00,14-10-2023 23:00,0,
262,512,611,13-10-2023,50000,imps,ADV619296,RTO tax clearance advance,2620,Not Recovered,0,Profile performance leads to: Not Recovered,105,12-10-2023 20:00,11-11-2023 20:00,0,
263,513,,09-02-2023,20000,neft,ADV790174,Insurance premium advance,2630,Fully Recovered,20000,Profile performance leads to: Fully Recovered,107,08-02-2023 19:00,10-03-2023 19:00,0,
264,507,609,09-07-2023,50000,cash,ADV529042,Dealer commission advance,2640,Fully Recovered,50000,Profile performance leads to: Fully Recovered,103,08-07-2023 20:00,07-08-2023 20:00,0,
265,518,607,08-11-2023,20000,cheque,ADV651513,Bridge financing for trade-in,2650,Not Recovered,0,Profile performance leads to: Not Recovered,101,07-11-2023 21:00,07-12-2023 21:00,0,
266,508,,18-05-2023,20000,cheque,ADV192045,Bridge financing for trade-in,2660,Partially Recovered,11237,Profile performance leads to: Partially Recovered,109,17-05-2023 22:00,16-06-2023 22:00,0,
267,508,,08-03-2023,20000,imps,ADV521022,Dealer commission advance,2670,Fully Recovered,20000,Profile performance leads to: Fully Recovered,108,07-03-2023 19:00,06-04-2023 19:00,0,
268,509,615,08-11-2023,20000,rtgs,ADV293017,RTO tax clearance advance,2680,Not Recovered,0,Profile performance leads to: Not Recovered,107,07-11-2023 20:00,07-12-2023 20:00,0,
269,514,605,30-03-2023,80000,cheque,ADV565413,Insurance premium advance,2690,Fully Recovered,80000,Profile performance leads to: Fully Recovered,108,29-03-2023 19:00,28-04-2023 19:00,0,
270,508,618,18-07-2023,80000,cheque,ADV697558,Bridge financing for trade-in,2700,Fully Recovered,80000,Profile performance leads to: Fully Recovered,110,17-07-2023 22:00,16-08-2023 22:00,0,
271,503,611,05-08-2023,50000,cheque,ADV774843,RTO tax clearance advance,2710,Partially Recovered,16712,Profile performance leads to: Partially Recovered,109,04-08-2023 20:00,03-09-2023 20:00,0,
272,515,607,28-10-2023,20000,cash,ADV277217,Dealer commission advance,2720,Not Recovered,0,Profile performance leads to: Not Recovered,104,27-10-2023 19:00,26-11-2023 19:00,0,
273,514,616,07-01-2024,20000,rtgs,ADV731480,Bridge financing for trade-in,2730,Not Recovered,0,Profile performance leads to: Not Recovered,110,06-01-2024 19:00,05-02-2024 19:00,0,
274,519,602,08-05-2023,20000,upi,ADV100708,RTO tax clearance advance,2740,Not Recovered,0,Profile performance leads to: Not Recovered,101,07-05-2023 21:00,06-06-2023 21:00,0,
275,503,619,03-03-2023,20000,imps,ADV712087,Dealer commission advance,2750,Fully Recovered,20000,Profile performance leads to: Fully Recovered,109,02-03-2023 21:00,01-04-2023 21:00,0,
276,519,620,16-01-2024,100000,cheque,ADV661471,Short term vehicle modification,2760,Fully Recovered,100000,Profile performance leads to: Fully Recovered,102,15-01-2024 22:00,14-02-2024 22:00,0,
277,505,603,27-03-2023,20000,cheque,ADV457982,Insurance premium advance,2770,Partially Recovered,9812,Profile performance leads to: Partially Recovered,107,26-03-2023 20:00,25-04-2023 20:00,0,
278,513,601,03-06-2023,50000,cheque,ADV554908,Emergency inventory pooling,2780,Fully Recovered,50000,Profile performance leads to: Fully Recovered,106,02-06-2023 19:00,02-07-2023 19:00,0,
279,505,,15-09-2023,20000,rtgs,ADV498649,Emergency inventory pooling,2790,Not Recovered,0,Profile performance leads to: Not Recovered,101,14-09-2023 23:00,14-10-2023 23:00,0,
280,519,,21-06-2023,20000,cheque,ADV979340,Dealer commission advance,2800,Partially Recovered,13297,Profile performance leads to: Partially Recovered,106,20-06-2023 21:00,20-07-2023 21:00,0,
281,505,603,24-01-2023,50000,rtgs,ADV658053,Short term vehicle modification,2810,Not Recovered,0,Profile performance leads to: Not Recovered,105,23-01-2023 21:00,22-02-2023 21:00,0,
282,506,609,16-08-2023,50000,cash,ADV175958,Bridge financing for trade-in,2820,Partially Recovered,33823,Profile performance leads to: Partially Recovered,104,15-08-2023 21:00,14-09-2023 21:00,0,
283,513,,31-05-2023,20000,imps,ADV910765,RTO tax clearance advance,2830,Fully Recovered,20000,Profile performance leads to: Fully Recovered,106,30-05-2023 23:00,29-06-2023 23:00,0,
284,507,619,18-12-2023,20000,neft,ADV445675,RTO tax clearance advance,2840,Fully Recovered,20000,Profile performance leads to: Fully Recovered,101,17-12-2023 19:00,16-01-2024 19:00,0,
285,506,604,11-06-2023,50000,cheque,ADV297626,Insurance premium advance,2850,Partially Recovered,16399,Profile performance leads to: Partially Recovered,103,10-06-2023 22:00,10-07-2023 22:00,0,
286,507,617,16-06-2023,20000,cash,ADV469601,RTO tax clearance advance,2860,Partially Recovered,8807,Profile performance leads to: Partially Recovered,106,15-06-2023 23:00,15-07-2023 23:00,0,
287,501,614,30-08-2023,20000,imps,ADV658761,RTO tax clearance advance,2870,Fully Recovered,20000,Profile performance leads to: Fully Recovered,105,29-08-2023 23:00,28-09-2023 23:00,0,
288,510,,03-04-2023,150000,cheque,ADV219695,Emergency inventory pooling,2880,Partially Recovered,76534,Profile performance leads to: Partially Recovered,106,02-04-2023 23:00,02-05-2023 23:00,0,
289,505,606,03-11-2023,50000,upi,ADV783134,Emergency inventory pooling,2890,Fully Recovered,50000,Profile performance leads to: Fully Recovered,108,02-11-2023 23:00,02-12-2023 23:00,0,
290,502,,12-03-2023,50000,neft,ADV853296,Insurance premium advance,2900,Fully Recovered,50000,Profile performance leads to: Fully Recovered,103,11-03-2023 22:00,10-04-2023 22:00,0,
291,506,,04-02-2023,50000,cheque,ADV382874,Insurance premium advance,2910,Fully Recovered,50000,Profile performance leads to: Fully Recovered,106,03-02-2023 22:00,05-03-2023 22:00,0,
292,516,,15-04-2023,50000,cash,ADV568929,Insurance premium advance,2920,Fully Recovered,50000,Profile performance leads to: Fully Recovered,103,14-04-2023 20:00,14-05-2023 20:00,0,
293,511,,06-05-2023,50000,neft,ADV770514,RTO tax clearance advance,2930,Partially Recovered,34848,Profile performance leads to: Partially Recovered,105,05-05-2023 22:00,04-06-2023 22:00,0,
294,520,606,27-02-2023,50000,cheque,ADV117469,Dealer commission advance,2940,Partially Recovered,26793,Profile performance leads to: Partially Recovered,103,26-02-2023 23:00,28-03-2023 23:00,0,
295,503,,14-07-2023,80000,imps,ADV206614,Bridge financing for trade-in,2950,Fully Recovered,80000,Profile performance leads to: Fully Recovered,101,13-07-2023 22:00,12-08-2023 22:00,0,
296,520,601,17-04-2023,20000,imps,ADV764398,Short term vehicle modification,2960,Partially Recovered,6510,Profile performance leads to: Partially Recovered,107,16-04-2023 19:00,16-05-2023 19:00,0,
297,518,620,16-11-2023,50000,neft,ADV976203,Bridge financing for trade-in,2970,Partially Recovered,15722,Profile performance leads to: Partially Recovered,108,15-11-2023 21:00,15-12-2023 21:00,0,
298,508,605,07-05-2023,50000,imps,ADV699387,Short term vehicle modification,2980,Fully Recovered,50000,Profile performance leads to: Fully Recovered,108,06-05-2023 20:00,05-06-2023 20:00,0,
299,508,,09-05-2023,100000,cash,ADV774368,Insurance premium advance,2990,Fully Recovered,100000,Profile performance leads to: Fully Recovered,102,08-05-2023 21:00,07-06-2023 21:00,0,
300,505,612,03-07-2023,50000,cheque,ADV289958,Dealer commission advance,3000,Fully Recovered,50000,Profile performance leads to: Fully Recovered,106,02-07-2023 22:00,01-08-2023 22:00,0,
301,506,,08-05-2023,50000,cash,ADV527896,Insurance premium advance,3010,Fully Recovered,50000,Profile performance leads to: Fully Recovered,101,07-05-2023 22:00,06-06-2023 22:00,0,
302,516,607,02-08-2023,20000,neft,ADV764784,Insurance premium advance,3020,Fully Recovered,20000,Profile performance leads to: Fully Recovered,103,01-08-2023 23:00,31-08-2023 23:00,0,
303,518,609,06-02-2023,50000,imps,ADV276316,Short term vehicle modification,3030,Fully Recovered,50000,Profile performance leads to: Fully Recovered,108,05-02-2023 23:00,07-03-2023 23:00,0,
304,516,615,16-07-2023,20000,cash,ADV769975,Dealer commission advance,3040,Fully Recovered,20000,Profile performance leads to: Fully Recovered,106,15-07-2023 23:00,14-08-2023 23:00,0,
305,501,605,08-09-2023,50000,cash,ADV951848,Emergency inventory pooling,3050,Partially Recovered,30709,Profile performance leads to: Partially Recovered,109,07-09-2023 20:00,07-10-2023 20:00,0,
306,505,610,20-08-2023,20000,cash,ADV845103,RTO tax clearance advance,3060,Not Recovered,0,Profile performance leads to: Not Recovered,108,19-08-2023 22:00,18-09-2023 22:00,0,
307,517,,25-03-2023,50000,upi,ADV835837,Insurance premium advance,3070,Fully Recovered,50000,Profile performance leads to: Fully Recovered,109,24-03-2023 20:00,23-04-2023 20:00,0,
308,519,617,18-05-2023,20000,upi,ADV350838,RTO tax clearance advance,3080,Fully Recovered,20000,Profile performance leads to: Fully Recovered,104,17-05-2023 21:00,16-06-2023 21:00,0,
309,512,,08-09-2023,50000,rtgs,ADV831157,Emergency inventory pooling,3090,Not Recovered,0,Profile performance leads to: Not Recovered,106,07-09-2023 20:00,07-10-2023 20:00,0,
310,507,,09-05-2023,100000,cheque,ADV196491,Bridge financing for trade-in,3100,Fully Recovered,100000,Profile performance leads to: Fully Recovered,104,08-05-2023 21:00,07-06-2023 21:00,0,
311,515,610,22-11-2023,20000,cheque,ADV510022,Bridge financing for trade-in,3110,Fully Recovered,20000,Profile performance leads to: Fully Recovered,107,21-11-2023 19:00,21-12-2023 19:00,0,
312,520,603,13-06-2023,50000,upi,ADV527826,Bridge financing for trade-in,3120,Fully Recovered,50000,Profile performance leads to: Fully Recovered,105,12-06-2023 20:00,12-07-2023 20:00,0,
313,513,614,17-08-2023,50000,rtgs,ADV152113,Bridge financing for trade-in,3130,Fully Recovered,50000,Profile performance leads to: Fully Recovered,103,16-08-2023 20:00,15-09-2023 20:00,0,
314,509,,21-03-2023,20000,rtgs,ADV616892,Dealer commission advance,3140,Not Recovered,0,Profile performance leads to: Not Recovered,104,20-03-2023 21:00,19-04-2023 21:00,0,
315,505,611,10-04-2023,80000,upi,ADV418692,Emergency inventory pooling,3150,Partially Recovered,54071,Profile performance leads to: Partially Recovered,110,09-04-2023 22:00,09-05-2023 22:00,0,
316,508,610,19-11-2023,20000,rtgs,ADV446351,Bridge financing for trade-in,3160,Fully Recovered,20000,Profile performance leads to: Fully Recovered,109,18-11-2023 23:00,18-12-2023 23:00,0,
317,509,602,10-05-2023,50000,upi,ADV499315,Bridge financing for trade-in,3170,Partially Recovered,23582,Profile performance leads to: Partially Recovered,110,09-05-2023 19:00,08-06-2023 19:00,0,
318,516,608,15-01-2024,50000,neft,ADV794849,RTO tax clearance advance,3180,Fully Recovered,50000,Profile performance leads to: Fully Recovered,102,14-01-2024 21:00,13-02-2024 21:00,0,
319,508,616,13-03-2023,50000,neft,ADV308275,Bridge financing for trade-in,3190,Fully Recovered,50000,Profile performance leads to: Fully Recovered,102,12-03-2023 21:00,11-04-2023 21:00,0,
320,509,611,01-04-2023,50000,cheque,ADV307931,Emergency inventory pooling,3200,Partially Recovered,26231,Profile performance leads to: Partially Recovered,101,31-03-2023 22:00,30-04-2023 22:00,0,
321,508,608,06-05-2023,20000,rtgs,ADV470329,Bridge financing for trade-in,3210,Partially Recovered,10376,Profile performance leads to: Partially Recovered,106,05-05-2023 20:00,04-06-2023 20:00,0,
322,520,613,12-01-2024,20000,cash,ADV267794,RTO tax clearance advance,3220,Partially Recovered,12656,Profile performance leads to: Partially Recovered,105,11-01-2024 22:00,10-02-2024 22:00,0,
323,504,608,23-01-2023,80000,cash,ADV510661,Emergency inventory pooling,3230,Partially Recovered,40562,Profile performance leads to: Partially Recovered,102,22-01-2023 22:00,21-02-2023 22:00,0,
324,515,619,08-06-2023,50000,cheque,ADV130721,Bridge financing for trade-in,3240,Fully Recovered,50000,Profile performance leads to: Fully Recovered,110,07-06-2023 20:00,07-07-2023 20:00,0,
325,507,601,29-09-2023,100000,rtgs,ADV482644,Insurance premium advance,3250,Not Recovered,0,Profile performance leads to: Not Recovered,107,28-09-2023 20:00,28-10-2023 20:00,0,
326,509,612,25-08-2023,100000,neft,ADV632563,Insurance premium advance,3260,Partially Recovered,41629,Profile performance leads to: Partially Recovered,105,24-08-2023 22:00,23-09-2023 22:00,0,
327,509,606,31-10-2023,100000,upi,ADV528357,Insurance premium advance,3270,Fully Recovered,100000,Profile performance leads to: Fully Recovered,105,30-10-2023 19:00,29-11-2023 19:00,0,
328,506,603,07-03-2023,50000,cash,ADV788796,Bridge financing for trade-in,3280,Fully Recovered,50000,Profile performance leads to: Fully Recovered,109,06-03-2023 21:00,05-04-2023 21:00,0,
329,510,,27-01-2023,50000,imps,ADV355700,Bridge financing for trade-in,3290,Fully Recovered,50000,Profile performance leads to: Fully Recovered,110,26-01-2023 20:00,25-02-2023 20:00,0,
330,507,,30-04-2023,80000,cash,ADV824050,Emergency inventory pooling,3300,Partially Recovered,51728,Profile performance leads to: Partially Recovered,106,29-04-2023 23:00,29-05-2023 23:00,0,
331,506,604,25-02-2023,50000,cash,ADV124934,Bridge financing for trade-in,3310,Fully Recovered,50000,Profile performance leads to: Fully Recovered,106,24-02-2023 21:00,26-03-2023 21:00,0,
332,518,613,03-06-2023,20000,neft,ADV938556,Short term vehicle modification,3320,Partially Recovered,8889,Profile performance leads to: Partially Recovered,105,02-06-2023 23:00,02-07-2023 23:00,0,
333,509,,12-06-2023,100000,imps,ADV283362,Insurance premium advance,3330,Fully Recovered,100000,Profile performance leads to: Fully Recovered,104,11-06-2023 21:00,11-07-2023 21:00,0,
334,510,603,08-06-2023,100000,rtgs,ADV585995,Dealer commission advance,3340,Fully Recovered,100000,Profile performance leads to: Fully Recovered,106,07-06-2023 23:00,07-07-2023 23:00,0,
335,509,,15-03-2023,50000,upi,ADV580127,Dealer commission advance,3350,Fully Recovered,50000,Profile performance leads to: Fully Recovered,108,14-03-2023 21:00,13-04-2023 21:00,0,
336,505,,12-03-2023,20000,rtgs,ADV894986,Insurance premium advance,3360,Partially Recovered,12067,Profile performance leads to: Partially Recovered,104,11-03-2023 19:00,10-04-2023 19:00,0,
337,514,,27-01-2023,50000,upi,ADV830797,RTO tax clearance advance,3370,Not Recovered,0,Profile performance leads to: Not Recovered,110,26-01-2023 20:00,25-02-2023 20:00,0,
338,512,609,20-06-2023,100000,rtgs,ADV874167,RTO tax clearance advance,3380,Partially Recovered,66279,Profile performance leads to: Partially Recovered,107,19-06-2023 19:00,19-07-2023 19:00,0,
339,503,605,09-01-2024,150000,cheque,ADV382739,Bridge financing for trade-in,3390,Fully Recovered,150000,Profile performance leads to: Fully Recovered,106,08-01-2024 21:00,07-02-2024 21:00,0,
340,518,620,24-05-2023,20000,upi,ADV759434,Bridge financing for trade-in,3400,Partially Recovered,6038,Profile performance leads to: Partially Recovered,109,23-05-2023 19:00,22-06-2023 19:00,0,
341,519,615,14-12-2023,20000,cheque,ADV166517,RTO tax clearance advance,3410,Fully Recovered,20000,Profile performance leads to: Fully Recovered,109,13-12-2023 22:00,12-01-2024 22:00,0,
342,501,618,18-03-2023,100000,imps,ADV686253,Emergency inventory pooling,3420,Partially Recovered,34397,Profile performance leads to: Partially Recovered,108,17-03-2023 23:00,16-04-2023 23:00,0,
343,512,,31-05-2023,50000,cheque,ADV239099,Bridge financing for trade-in,3430,Fully Recovered,50000,Profile performance leads to: Fully Recovered,108,30-05-2023 23:00,29-06-2023 23:00,0,
344,514,605,17-05-2023,50000,cash,ADV460182,Short term vehicle modification,3440,Fully Recovered,50000,Profile performance leads to: Fully Recovered,105,16-05-2023 22:00,15-06-2023 22:00,0,
345,508,617,13-09-2023,150000,rtgs,ADV198789,Emergency inventory pooling,3450,Fully Recovered,150000,Profile performance leads to: Fully Recovered,108,12-09-2023 22:00,12-10-2023 22:00,0,
346,520,,27-06-2023,20000,rtgs,ADV338001,Short term vehicle modification,3460,Partially Recovered,7114,Profile performance leads to: Partially Recovered,109,26-06-2023 20:00,26-07-2023 20:00,0,
347,517,606,22-09-2023,50000,cash,ADV377687,Bridge financing for trade-in,3470,Partially Recovered,28733,Profile performance leads to: Partially Recovered,102,21-09-2023 22:00,21-10-2023 22:00,0,
348,516,611,25-02-2023,20000,cheque,ADV887057,RTO tax clearance advance,3480,Fully Recovered,20000,Profile performance leads to: Fully Recovered,110,24-02-2023 19:00,26-03-2023 19:00,0,
349,513,605,19-12-2023,50000,upi,ADV297227,Short term vehicle modification,3490,Fully Recovered,50000,Profile performance leads to: Fully Recovered,107,18-12-2023 23:00,17-01-2024 23:00,0,
350,509,606,03-03-2023,100000,rtgs,ADV249145,Dealer commission advance,3500,Fully Recovered,100000,Profile performance leads to: Fully Recovered,102,02-03-2023 21:00,01-04-2023 21:00,0,
351,515,617,02-09-2023,50000,neft,ADV130610,Emergency inventory pooling,3510,Partially Recovered,34875,Profile performance leads to: Partially Recovered,104,01-09-2023 22:00,01-10-2023 22:00,0,
352,504,,13-09-2023,150000,cash,ADV475358,Dealer commission advance,3520,Not Recovered,0,Profile performance leads to: Not Recovered,110,12-09-2023 20:00,12-10-2023 20:00,0,
353,519,603,27-05-2023,50000,rtgs,ADV256224,Insurance premium advance,3530,Fully Recovered,50000,Profile performance leads to: Fully Recovered,101,26-05-2023 20:00,25-06-2023 20:00,0,
354,512,,21-04-2023,50000,cheque,ADV498777,Dealer commission advance,3540,Fully Recovered,50000,Profile performance leads to: Fully Recovered,110,20-04-2023 21:00,20-05-2023 21:00,0,
355,517,,20-06-2023,20000,imps,ADV825510,Short term vehicle modification,3550,Fully Recovered,20000,Profile performance leads to: Fully Recovered,106,19-06-2023 19:00,19-07-2023 19:00,0,
356,510,,21-08-2023,50000,upi,ADV619999,Dealer commission advance,3560,Partially Recovered,25570,Profile performance leads to: Partially Recovered,110,20-08-2023 19:00,19-09-2023 19:00,0,
357,520,,18-11-2023,50000,cheque,ADV809778,Emergency inventory pooling,3570,Partially Recovered,21971,Profile performance leads to: Partially Recovered,109,17-11-2023 21:00,17-12-2023 21:00,0,
358,515,618,01-12-2023,20000,neft,ADV372151,Bridge financing for trade-in,3580,Fully Recovered,20000,Profile performance leads to: Fully Recovered,108,30-11-2023 20:00,30-12-2023 20:00,0,
359,507,602,18-08-2023,50000,cheque,ADV936959,Insurance premium advance,3590,Not Recovered,0,Profile performance leads to: Not Recovered,104,17-08-2023 23:00,16-09-2023 23:00,0,
360,517,,10-02-2023,50000,upi,ADV343427,Emergency inventory pooling,3600,Fully Recovered,50000,Profile performance leads to: Fully Recovered,108,09-02-2023 23:00,11-03-2023 23:00,0,
361,518,610,05-01-2024,80000,neft,ADV599789,Bridge financing for trade-in,3610,Fully Recovered,80000,Profile performance leads to: Fully Recovered,110,04-01-2024 21:00,03-02-2024 21:00,0,
362,513,603,05-04-2023,50000,neft,ADV969056,Emergency inventory pooling,3620,Fully Recovered,50000,Profile performance leads to: Fully Recovered,108,04-04-2023 21:00,04-05-2023 21:00,0,
363,520,616,28-03-2023,80000,cash,ADV330602,Bridge financing for trade-in,3630,Fully Recovered,80000,Profile performance leads to: Fully Recovered,108,27-03-2023 20:00,26-04-2023 20:00,0,
364,510,619,07-11-2023,20000,cash,ADV132768,RTO tax clearance advance,3640,Fully Recovered,20000,Profile performance leads to: Fully Recovered,109,06-11-2023 22:00,06-12-2023 22:00,0,
365,502,613,15-12-2023,20000,cash,ADV295535,Insurance premium advance,3650,Not Recovered,0,Profile performance leads to: Not Recovered,106,14-12-2023 23:00,13-01-2024 23:00,0,
366,517,602,21-06-2023,50000,cash,ADV577760,Dealer commission advance,3660,Partially Recovered,19949,Profile performance leads to: Partially Recovered,109,20-06-2023 21:00,20-07-2023 21:00,0,
367,507,619,19-06-2023,50000,imps,ADV200105,Dealer commission advance,3670,Not Recovered,0,Profile performance leads to: Not Recovered,108,18-06-2023 23:00,18-07-2023 23:00,0,
368,510,,17-09-2023,20000,neft,ADV432881,RTO tax clearance advance,3680,Not Recovered,0,Profile performance leads to: Not Recovered,101,16-09-2023 21:00,16-10-2023 21:00,0,
369,502,,16-01-2024,100000,imps,ADV854074,Bridge financing for trade-in,3690,Fully Recovered,100000,Profile performance leads to: Fully Recovered,103,15-01-2024 22:00,14-02-2024 22:00,0,
370,507,609,21-06-2023,80000,neft,ADV369828,Short term vehicle modification,3700,Fully Recovered,80000,Profile performance leads to: Fully Recovered,110,20-06-2023 22:00,20-07-2023 22:00,0,
371,507,616,05-09-2023,50000,upi,ADV130143,Insurance premium advance,3710,Fully Recovered,50000,Profile performance leads to: Fully Recovered,107,04-09-2023 21:00,04-10-2023 21:00,0,
372,515,,20-10-2023,20000,cash,ADV224285,Insurance premium advance,3720,Partially Recovered,13805,Profile performance leads to: Partially Recovered,101,19-10-2023 20:00,18-11-2023 20:00,0,
373,506,606,20-12-2023,80000,rtgs,ADV267545,Short term vehicle modification,3730,Fully Recovered,80000,Profile performance leads to: Fully Recovered,102,19-12-2023 19:00,18-01-2024 19:00,0,
374,504,613,16-03-2023,50000,upi,ADV162086,RTO tax clearance advance,3740,Partially Recovered,26420,Profile performance leads to: Partially Recovered,105,15-03-2023 23:00,14-04-2023 23:00,0,
375,517,616,29-05-2023,80000,upi,ADV972685,RTO tax clearance advance,3750,Fully Recovered,80000,Profile performance leads to: Fully Recovered,109,28-05-2023 22:00,27-06-2023 22:00,0,
376,503,603,03-06-2023,80000,cash,ADV928479,Dealer commission advance,3760,Fully Recovered,80000,Profile performance leads to: Fully Recovered,102,02-06-2023 19:00,02-07-2023 19:00,0,
377,520,617,17-01-2023,100000,rtgs,ADV452349,Short term vehicle modification,3770,Partially Recovered,47433,Profile performance leads to: Partially Recovered,110,16-01-2023 20:00,15-02-2023 20:00,0,
378,511,609,07-08-2023,50000,upi,ADV425860,Emergency inventory pooling,3780,Fully Recovered,50000,Profile performance leads to: Fully Recovered,106,06-08-2023 23:00,05-09-2023 23:00,0,
379,513,,06-01-2024,20000,upi,ADV445956,Bridge financing for trade-in,3790,Partially Recovered,10924,Profile performance leads to: Partially Recovered,108,05-01-2024 19:00,04-02-2024 19:00,0,
380,515,,20-11-2023,50000,upi,ADV249777,Dealer commission advance,3800,Fully Recovered,50000,Profile performance leads to: Fully Recovered,102,19-11-2023 20:00,19-12-2023 20:00,0,
381,505,611,26-09-2023,50000,neft,ADV338618,Bridge financing for trade-in,3810,Fully Recovered,50000,Profile performance leads to: Fully Recovered,104,25-09-2023 23:00,25-10-2023 23:00,0,
382,520,611,23-03-2023,80000,cash,ADV897535,Dealer commission advance,3820,Fully Recovered,80000,Profile performance leads to: Fully Recovered,102,22-03-2023 21:00,21-04-2023 21:00,0,
383,513,,20-03-2023,20000,upi,ADV967995,Insurance premium advance,3830,Fully Recovered,20000,Profile performance leads to: Fully Recovered,103,19-03-2023 19:00,18-04-2023 19:00,0,
384,501,616,24-02-2023,20000,neft,ADV140347,Emergency inventory pooling,3840,Not Recovered,0,Profile performance leads to: Not Recovered,110,23-02-2023 19:00,25-03-2023 19:00,0,
385,508,620,30-11-2023,100000,neft,ADV991508,Short term vehicle modification,3850,Partially Recovered,56302,Profile performance leads to: Partially Recovered,105,29-11-2023 22:00,29-12-2023 22:00,0,
386,508,,12-02-2023,80000,rtgs,ADV252305,Emergency inventory pooling,3860,Not Recovered,0,Profile performance leads to: Not Recovered,108,11-02-2023 19:00,13-03-2023 19:00,0,
387,514,605,25-04-2023,150000,neft,ADV520204,Emergency inventory pooling,3870,Fully Recovered,150000,Profile performance leads to: Fully Recovered,105,24-04-2023 21:00,24-05-2023 21:00,0,
388,505,612,16-12-2023,80000,cash,ADV812530,Dealer commission advance,3880,Fully Recovered,80000,Profile performance leads to: Fully Recovered,107,15-12-2023 19:00,14-01-2024 19:00,0,
389,515,615,10-12-2023,50000,upi,ADV923586,Bridge financing for trade-in,3890,Partially Recovered,19750,Profile performance leads to: Partially Recovered,107,09-12-2023 22:00,08-01-2024 22:00,0,
390,508,,12-09-2023,50000,upi,ADV238951,RTO tax clearance advance,3900,Not Recovered,0,Profile performance leads to: Not Recovered,106,11-09-2023 21:00,11-10-2023 21:00,0,
391,515,614,01-02-2023,100000,imps,ADV563012,RTO tax clearance advance,3910,Not Recovered,0,Profile performance leads to: Not Recovered,104,31-01-2023 20:00,02-03-2023 20:00,0,
392,518,610,04-05-2023,50000,imps,ADV735833,Insurance premium advance,3920,Fully Recovered,50000,Profile performance leads to: Fully Recovered,104,03-05-2023 23:00,02-06-2023 23:00,0,
393,513,614,09-02-2023,50000,rtgs,ADV853229,Emergency inventory pooling,3930,Fully Recovered,50000,Profile performance leads to: Fully Recovered,101,08-02-2023 21:00,10-03-2023 21:00,0,
394,509,619,27-07-2023,20000,cheque,ADV125462,Bridge financing for trade-in,3940,Partially Recovered,8281,Profile performance leads to: Partially Recovered,101,26-07-2023 21:00,25-08-2023 21:00,0,
395,511,605,22-06-2023,50000,upi,ADV189213,Insurance premium advance,3950,Partially Recovered,32016,Profile performance leads to: Partially Recovered,110,21-06-2023 22:00,21-07-2023 22:00,0,
396,504,603,24-07-2023,80000,cash,ADV413686,Dealer commission advance,3960,Not Recovered,0,Profile performance leads to: Not Recovered,110,23-07-2023 20:00,22-08-2023 20:00,0,
397,507,607,05-02-2023,20000,cheque,ADV490607,Dealer commission advance,3970,Not Recovered,0,Profile performance leads to: Not Recovered,101,04-02-2023 23:00,06-03-2023 23:00,0,
398,516,606,17-12-2023,20000,imps,ADV818983,Bridge financing for trade-in,3980,Partially Recovered,12846,Profile performance leads to: Partially Recovered,106,16-12-2023 19:00,15-01-2024 19:00,0,
399,506,618,29-03-2023,50000,neft,ADV607137,Short term vehicle modification,3990,Not Recovered,0,Profile performance leads to: Not Recovered,102,28-03-2023 23:00,27-04-2023 23:00,0,
400,508,605,05-04-2023,20000,cheque,ADV116567,RTO tax clearance advance,4000,Not Recovered,0,Profile performance leads to: Not Recovered,103,04-04-2023 22:00,04-05-2023 22:00,0,
401,516,,04-01-2024,20000,neft,ADV712941,Short term vehicle modification,4010,Fully Recovered,20000,Profile performance leads to: Fully Recovered,101,03-01-2024 20:00,02-02-2024 20:00,0,
402,515,616,18-10-2023,50000,cheque,ADV232652,RTO tax clearance advance,4020,Not Recovered,0,Profile performance leads to: Not Recovered,106,17-10-2023 21:00,16-11-2023 21:00,0,
403,505,613,18-02-2023,150000,neft,ADV573866,Dealer commission advance,4030,Fully Recovered,150000,Profile performance leads to: Fully Recovered,106,17-02-2023 22:00,19-03-2023 22:00,0,
404,512,616,24-05-2023,50000,upi,ADV216961,RTO tax clearance advance,4040,Partially Recovered,17825,Profile performance leads to: Partially Recovered,104,23-05-2023 19:00,22-06-2023 19:00,0,
405,507,617,15-08-2023,20000,upi,ADV879762,Short term vehicle modification,4050,Fully Recovered,20000,Profile performance leads to: Fully Recovered,110,14-08-2023 19:00,13-09-2023 19:00,0,
406,510,,05-02-2023,20000,cheque,ADV339691,Insurance premium advance,4060,Not Recovered,0,Profile performance leads to: Not Recovered,106,04-02-2023 22:00,06-03-2023 22:00,0,
407,511,605,21-03-2023,50000,rtgs,ADV202708,Insurance premium advance,4070,Fully Recovered,50000,Profile performance leads to: Fully Recovered,101,20-03-2023 19:00,19-04-2023 19:00,0,
408,516,602,05-01-2024,50000,upi,ADV516358,Insurance premium advance,4080,Fully Recovered,50000,Profile performance leads to: Fully Recovered,110,04-01-2024 23:00,03-02-2024 23:00,0,
409,511,,12-04-2023,100000,cheque,ADV564155,Dealer commission advance,4090,Not Recovered,0,Profile performance leads to: Not Recovered,106,11-04-2023 20:00,11-05-2023 20:00,0,
410,503,603,05-05-2023,50000,rtgs,ADV915806,RTO tax clearance advance,4100,Fully Recovered,50000,Profile performance leads to: Fully Recovered,109,04-05-2023 23:00,03-06-2023 23:00,0,
411,503,,02-07-2023,80000,rtgs,ADV476422,Dealer commission advance,4110,Fully Recovered,80000,Profile performance leads to: Fully Recovered,102,01-07-2023 19:00,31-07-2023 19:00,0,
412,501,611,27-01-2023,20000,upi,ADV815595,RTO tax clearance advance,4120,Not Recovered,0,Profile performance leads to: Not Recovered,110,26-01-2023 20:00,25-02-2023 20:00,0,
413,504,602,08-06-2023,50000,neft,ADV563544,Bridge financing for trade-in,4130,Not Recovered,0,Profile performance leads to: Not Recovered,103,07-06-2023 21:00,07-07-2023 21:00,0,
414,514,608,30-06-2023,20000,neft,ADV991753,Insurance premium advance,4140,Partially Recovered,11923,Profile performance leads to: Partially Recovered,102,29-06-2023 23:00,29-07-2023 23:00,0,
415,516,616,22-08-2023,150000,imps,ADV306041,Short term vehicle modification,4150,Fully Recovered,150000,Profile performance leads to: Fully Recovered,102,21-08-2023 21:00,20-09-2023 21:00,0,
416,515,,31-07-2023,50000,cheque,ADV433233,Short term vehicle modification,4160,Fully Recovered,50000,Profile performance leads to: Fully Recovered,108,30-07-2023 23:00,29-08-2023 23:00,0,
417,504,603,24-04-2023,50000,rtgs,ADV106163,Dealer commission advance,4170,Partially Recovered,30522,Profile performance leads to: Partially Recovered,103,23-04-2023 20:00,23-05-2023 20:00,0,
418,519,,28-08-2023,20000,rtgs,ADV946113,Insurance premium advance,4180,Fully Recovered,20000,Profile performance leads to: Fully Recovered,106,27-08-2023 22:00,26-09-2023 22:00,0,
419,508,609,27-05-2023,20000,imps,ADV618381,Insurance premium advance,4190,Fully Recovered,20000,Profile performance leads to: Fully Recovered,105,26-05-2023 19:00,25-06-2023 19:00,0,
420,502,614,23-06-2023,50000,imps,ADV323395,Bridge financing for trade-in,4200,Partially Recovered,33802,Profile performance leads to: Partially Recovered,102,22-06-2023 21:00,22-07-2023 21:00,0,
421,519,612,14-04-2023,20000,upi,ADV278363,Insurance premium advance,4210,Not Recovered,0,Profile performance leads to: Not Recovered,101,13-04-2023 21:00,13-05-2023 21:00,0,
422,512,616,26-02-2023,50000,neft,ADV519184,RTO tax clearance advance,4220,Partially Recovered,30224,Profile performance leads to: Partially Recovered,110,25-02-2023 23:00,27-03-2023 23:00,0,
423,508,602,21-11-2023,20000,rtgs,ADV780079,Short term vehicle modification,4230,Fully Recovered,20000,Profile performance leads to: Fully Recovered,105,20-11-2023 21:00,20-12-2023 21:00,0,
424,515,615,07-09-2023,50000,rtgs,ADV733955,Bridge financing for trade-in,4240,Fully Recovered,50000,Profile performance leads to: Fully Recovered,108,06-09-2023 22:00,06-10-2023 22:00,0,
425,505,613,30-12-2023,100000,neft,ADV527910,Bridge financing for trade-in,4250,Fully Recovered,100000,Profile performance leads to: Fully Recovered,103,29-12-2023 20:00,28-01-2024 20:00,0,
426,519,607,20-06-2023,80000,cash,ADV464889,Emergency inventory pooling,4260,Fully Recovered,80000,Profile performance leads to: Fully Recovered,106,19-06-2023 23:00,19-07-2023 23:00,0,
427,507,,09-06-2023,80000,imps,ADV845520,Bridge financing for trade-in,4270,Partially Recovered,28678,Profile performance leads to: Partially Recovered,107,08-06-2023 20:00,08-07-2023 20:00,0,
428,507,616,28-08-2023,20000,rtgs,ADV629518,Short term vehicle modification,4280,Not Recovered,0,Profile performance leads to: Not Recovered,105,27-08-2023 23:00,26-09-2023 23:00,0,
429,504,,29-06-2023,20000,rtgs,ADV355419,Insurance premium advance,4290,Partially Recovered,11320,Profile performance leads to: Partially Recovered,103,28-06-2023 20:00,28-07-2023 20:00,0,
430,507,601,29-06-2023,50000,cash,ADV175152,Short term vehicle modification,4300,Fully Recovered,50000,Profile performance leads to: Fully Recovered,110,28-06-2023 21:00,28-07-2023 21:00,0,
431,520,,23-09-2023,50000,imps,ADV355521,Dealer commission advance,4310,Fully Recovered,50000,Profile performance leads to: Fully Recovered,106,22-09-2023 21:00,22-10-2023 21:00,0,
432,512,616,25-03-2023,50000,upi,ADV163026,Short term vehicle modification,4320,Partially Recovered,25909,Profile performance leads to: Partially Recovered,105,24-03-2023 22:00,23-04-2023 22:00,0,
433,511,611,28-07-2023,20000,cheque,ADV103063,Short term vehicle modification,4330,Fully Recovered,20000,Profile performance leads to: Fully Recovered,108,27-07-2023 22:00,26-08-2023 22:00,0,
434,505,619,06-01-2024,20000,imps,ADV789474,Insurance premium advance,4340,Fully Recovered,20000,Profile performance leads to: Fully Recovered,109,05-01-2024 22:00,04-02-2024 22:00,0,
435,501,604,19-04-2023,20000,cash,ADV934765,Dealer commission advance,4350,Partially Recovered,7390,Profile performance leads to: Partially Recovered,110,18-04-2023 19:00,18-05-2023 19:00,0,
436,515,609,20-12-2023,100000,imps,ADV306555,Bridge financing for trade-in,4360,Partially Recovered,59248,Profile performance leads to: Partially Recovered,110,19-12-2023 20:00,18-01-2024 20:00,0,
437,512,602,14-04-2023,20000,upi,ADV227463,Bridge financing for trade-in,4370,Fully Recovered,20000,Profile performance leads to: Fully Recovered,107,13-04-2023 20:00,13-05-2023 20:00,0,
438,520,605,18-05-2023,50000,cheque,ADV535511,Short term vehicle modification,4380,Partially Recovered,19751,Profile performance leads to: Partially Recovered,104,17-05-2023 19:00,16-06-2023 19:00,0,
439,507,620,29-12-2023,20000,neft,ADV799992,Bridge financing for trade-in,4390,Partially Recovered,6687,Profile performance leads to: Partially Recovered,108,28-12-2023 20:00,27-01-2024 20:00,0,
440,508,614,14-03-2023,50000,neft,ADV874142,RTO tax clearance advance,4400,Fully Recovered,50000,Profile performance leads to: Fully Recovered,105,13-03-2023 19:00,12-04-2023 19:00,0,
441,501,614,24-09-2023,50000,imps,ADV588486,Bridge financing for trade-in,4410,Fully Recovered,50000,Profile performance leads to: Fully Recovered,105,23-09-2023 19:00,23-10-2023 19:00,0,
442,518,,16-11-2023,100000,neft,ADV840746,Emergency inventory pooling,4420,Not Recovered,0,Profile performance leads to: Not Recovered,108,15-11-2023 20:00,15-12-2023 20:00,0,
443,507,615,24-08-2023,100000,cheque,ADV605563,Dealer commission advance,4430,Fully Recovered,100000,Profile performance leads to: Fully Recovered,102,23-08-2023 23:00,22-09-2023 23:00,0,
444,502,618,29-12-2023,50000,rtgs,ADV124258,Emergency inventory pooling,4440,Fully Recovered,50000,Profile performance leads to: Fully Recovered,110,28-12-2023 22:00,27-01-2024 22:00,0,
445,514,613,03-09-2023,150000,cash,ADV369462,Bridge financing for trade-in,4450,Partially Recovered,88036,Profile performance leads to: Partially Recovered,103,02-09-2023 23:00,02-10-2023 23:00,0,
446,519,602,19-06-2023,150000,cash,ADV109264,RTO tax clearance advance,4460,Not Recovered,0,Profile performance leads to: Not Recovered,110,18-06-2023 23:00,18-07-2023 23:00,0,
447,505,,22-04-2023,100000,cash,ADV353172,Emergency inventory pooling,4470,Not Recovered,0,Profile performance leads to: Not Recovered,103,21-04-2023 19:00,21-05-2023 19:00,0,
448,503,603,18-10-2023,100000,rtgs,ADV932859,Short term vehicle modification,4480,Partially Recovered,61778,Profile performance leads to: Partially Recovered,102,17-10-2023 19:00,16-11-2023 19:00,0,
449,505,603,18-03-2023,20000,rtgs,ADV436216,Short term vehicle modification,4490,Fully Recovered,20000,Profile performance leads to: Fully Recovered,109,17-03-2023 22:00,16-04-2023 22:00,0,
450,502,618,18-11-2023,50000,cash,ADV581063,Short term vehicle modification,4500,Fully Recovered,50000,Profile performance leads to: Fully Recovered,103,17-11-2023 19:00,17-12-2023 19:00,0,
451,508,605,25-11-2023,20000,rtgs,ADV184858,Short term vehicle modification,4510,Partially Recovered,13057,Profile performance leads to: Partially Recovered,104,24-11-2023 19:00,24-12-2023 19:00,0,
452,517,616,08-07-2023,20000,rtgs,ADV752440,Emergency inventory pooling,4520,Fully Recovered,20000,Profile performance leads to: Fully Recovered,106,07-07-2023 21:00,06-08-2023 21:00,0,
453,507,,23-11-2023,150000,cheque,ADV372149,Emergency inventory pooling,4530,Partially Recovered,70218,Profile performance leads to: Partially Recovered,109,22-11-2023 20:00,22-12-2023 20:00,0,
454,517,606,01-08-2023,50000,cheque,ADV746798,RTO tax clearance advance,4540,Not Recovered,0,Profile performance leads to: Not Recovered,106,31-07-2023 21:00,30-08-2023 21:00,0,
455,509,617,23-03-2023,80000,upi,ADV508404,Short term vehicle modification,4550,Fully Recovered,80000,Profile performance leads to: Fully Recovered,103,22-03-2023 19:00,21-04-2023 19:00,0,
456,507,609,09-02-2023,100000,rtgs,ADV575549,RTO tax clearance advance,4560,Fully Recovered,100000,Profile performance leads to: Fully Recovered,104,08-02-2023 20:00,10-03-2023 20:00,0,
457,507,,07-09-2023,100000,cheque,ADV347807,RTO tax clearance advance,4570,Fully Recovered,100000,Profile performance leads to: Fully Recovered,105,06-09-2023 20:00,06-10-2023 20:00,0,
458,507,610,04-05-2023,150000,upi,ADV817598,Short term vehicle modification,4580,Partially Recovered,86285,Profile performance leads to: Partially Recovered,102,03-05-2023 19:00,02-06-2023 19:00,0,
459,507,610,17-04-2023,20000,upi,ADV535446,Dealer commission advance,4590,Fully Recovered,20000,Profile performance leads to: Fully Recovered,101,16-04-2023 20:00,16-05-2023 20:00,0,
460,513,615,02-04-2023,20000,imps,ADV713054,Emergency inventory pooling,4600,Fully Recovered,20000,Profile performance leads to: Fully Recovered,103,01-04-2023 20:00,01-05-2023 20:00,0,
461,508,,13-12-2023,50000,cheque,ADV241004,Bridge financing for trade-in,4610,Fully Recovered,50000,Profile performance leads to: Fully Recovered,103,12-12-2023 20:00,11-01-2024 20:00,0,
462,501,613,12-03-2023,20000,cash,ADV914073,RTO tax clearance advance,4620,Fully Recovered,20000,Profile performance leads to: Fully Recovered,101,11-03-2023 19:00,10-04-2023 19:00,0,
463,514,612,17-06-2023,20000,neft,ADV126486,Emergency inventory pooling,4630,Not Recovered,0,Profile performance leads to: Not Recovered,102,16-06-2023 21:00,16-07-2023 21:00,0,
464,504,609,10-03-2023,50000,cash,ADV317551,RTO tax clearance advance,4640,Partially Recovered,16968,Profile performance leads to: Partially Recovered,107,09-03-2023 19:00,08-04-2023 19:00,0,
465,506,,11-03-2023,80000,cheque,ADV601038,Bridge financing for trade-in,4650,Not Recovered,0,Profile performance leads to: Not Recovered,102,10-03-2023 21:00,09-04-2023 21:00,0,
466,509,,04-03-2023,50000,imps,ADV273930,Bridge financing for trade-in,4660,Fully Recovered,50000,Profile performance leads to: Fully Recovered,108,03-03-2023 22:00,02-04-2023 22:00,0,
467,503,613,28-02-2023,50000,cheque,ADV820781,Bridge financing for trade-in,4670,Partially Recovered,33552,Profile performance leads to: Partially Recovered,102,27-02-2023 21:00,29-03-2023 21:00,0,
468,501,602,16-06-2023,50000,cheque,ADV499277,Short term vehicle modification,4680,Not Recovered,0,Profile performance leads to: Not Recovered,108,15-06-2023 21:00,15-07-2023 21:00,0,
469,501,607,02-04-2023,20000,imps,ADV925710,RTO tax clearance advance,4690,Fully Recovered,20000,Profile performance leads to: Fully Recovered,105,01-04-2023 20:00,01-05-2023 20:00,0,
470,518,616,11-12-2023,20000,rtgs,ADV618247,RTO tax clearance advance,4700,Not Recovered,0,Profile performance leads to: Not Recovered,101,10-12-2023 22:00,09-01-2024 22:00,0,
471,515,618,14-02-2023,80000,cash,ADV329021,Short term vehicle modification,4710,Partially Recovered,33499,Profile performance leads to: Partially Recovered,105,13-02-2023 23:00,15-03-2023 23:00,0,
472,511,612,07-07-2023,50000,neft,ADV944665,RTO tax clearance advance,4720,Not Recovered,0,Profile performance leads to: Not Recovered,106,06-07-2023 20:00,05-08-2023 20:00,0,
473,510,,24-06-2023,80000,cash,ADV817433,Emergency inventory pooling,4730,Fully Recovered,80000,Profile performance leads to: Fully Recovered,110,23-06-2023 22:00,23-07-2023 22:00,0,
474,505,612,09-04-2023,20000,cash,ADV803534,Short term vehicle modification,4740,Not Recovered,0,Profile performance leads to: Not Recovered,107,08-04-2023 21:00,08-05-2023 21:00,0,
475,511,605,25-08-2023,100000,imps,ADV409876,Insurance premium advance,4750,Fully Recovered,100000,Profile performance leads to: Fully Recovered,109,24-08-2023 22:00,23-09-2023 22:00,0,
476,507,613,13-04-2023,50000,upi,ADV730157,RTO tax clearance advance,4760,Not Recovered,0,Profile performance leads to: Not Recovered,109,12-04-2023 19:00,12-05-2023 19:00,0,
477,519,,14-08-2023,50000,cheque,ADV541972,Dealer commission advance,4770,Fully Recovered,50000,Profile performance leads to: Fully Recovered,102,13-08-2023 20:00,12-09-2023 20:00,0,
478,504,612,21-01-2023,50000,imps,ADV602475,Short term vehicle modification,4780,Fully Recovered,50000,Profile performance leads to: Fully Recovered,104,20-01-2023 21:00,19-02-2023 21:00,0,
479,514,604,29-04-2023,100000,cash,ADV428407,RTO tax clearance advance,4790,Not Recovered,0,Profile performance leads to: Not Recovered,109,28-04-2023 19:00,28-05-2023 19:00,0,
480,517,616,21-07-2023,50000,cheque,ADV506322,Insurance premium advance,4800,Fully Recovered,50000,Profile performance leads to: Fully Recovered,103,20-07-2023 19:00,19-08-2023 19:00,0,
481,518,607,13-02-2023,50000,imps,ADV122908,Dealer commission advance,4810,Partially Recovered,22548,Profile performance leads to: Partially Recovered,105,12-02-2023 19:00,14-03-2023 19:00,0,
482,503,,24-12-2023,150000,cheque,ADV103135,Short term vehicle modification,4820,Fully Recovered,150000,Profile performance leads to: Fully Recovered,101,23-12-2023 21:00,22-01-2024 21:00,0,
483,520,613,10-12-2023,80000,rtgs,ADV330570,RTO tax clearance advance,4830,Fully Recovered,80000,Profile performance leads to: Fully Recovered,107,09-12-2023 19:00,08-01-2024 19:00,0,
484,520,616,21-03-2023,50000,rtgs,ADV338904,RTO tax clearance advance,4840,Fully Recovered,50000,Profile performance leads to: Fully Recovered,105,20-03-2023 22:00,19-04-2023 22:00,0,
485,513,604,11-01-2024,80000,cash,ADV983885,Short term vehicle modification,4850,Fully Recovered,80000,Profile performance leads to: Fully Recovered,106,10-01-2024 21:00,09-02-2024 21:00,0,
486,513,,11-05-2023,50000,cash,ADV289923,Bridge financing for trade-in,4860,Not Recovered,0,Profile performance leads to: Not Recovered,110,10-05-2023 22:00,09-06-2023 22:00,0,
487,508,604,19-01-2023,20000,rtgs,ADV722706,Short term vehicle modification,4870,Fully Recovered,20000,Profile performance leads to: Fully Recovered,108,18-01-2023 22:00,17-02-2023 22:00,0,
488,511,615,08-12-2023,50000,neft,ADV160451,RTO tax clearance advance,4880,Partially Recovered,21596,Profile performance leads to: Partially Recovered,106,07-12-2023 22:00,06-01-2024 22:00,0,
489,517,617,05-03-2023,150000,imps,ADV167542,Short term vehicle modification,4890,Not Recovered,0,Profile performance leads to: Not Recovered,107,04-03-2023 21:00,03-04-2023 21:00,0,
490,509,617,30-05-2023,150000,cash,ADV495439,Bridge financing for trade-in,4900,Not Recovered,0,Profile performance leads to: Not Recovered,105,29-05-2023 22:00,28-06-2023 22:00,0,
491,520,604,09-03-2023,50000,imps,ADV198763,Short term vehicle modification,4910,Fully Recovered,50000,Profile performance leads to: Fully Recovered,108,08-03-2023 19:00,07-04-2023 19:00,0,
492,513,606,21-09-2023,50000,cheque,ADV278613,Dealer commission advance,4920,Fully Recovered,50000,Profile performance leads to: Fully Recovered,104,20-09-2023 19:00,20-10-2023 19:00,0,
493,508,604,06-01-2024,20000,neft,ADV394404,RTO tax clearance advance,4930,Partially Recovered,6992,Profile performance leads to: Partially Recovered,105,05-01-2024 22:00,04-02-2024 22:00,0,
494,515,614,13-11-2023,150000,cash,ADV191755,Insurance premium advance,4940,Fully Recovered,150000,Profile performance leads to: Fully Recovered,103,12-11-2023 23:00,12-12-2023 23:00,0,
495,516,,14-08-2023,150000,imps,ADV830357,Insurance premium advance,4950,Fully Recovered,150000,Profile performance leads to: Fully Recovered,106,13-08-2023 20:00,12-09-2023 20:00,0,
496,512,617,12-09-2023,50000,imps,ADV156023,RTO tax clearance advance,4960,Fully Recovered,50000,Profile performance leads to: Fully Recovered,107,11-09-2023 21:00,11-10-2023 21:00,0,
497,507,618,29-06-2023,100000,cash,ADV569971,Insurance premium advance,4970,Partially Recovered,54512,Profile performance leads to: Partially Recovered,102,28-06-2023 19:00,28-07-2023 19:00,0,
498,504,608,11-08-2023,80000,upi,ADV364287,Insurance premium advance,4980,Fully Recovered,80000,Profile performance leads to: Fully Recovered,105,10-08-2023 20:00,09-09-2023 20:00,0,
499,512,,11-12-2023,50000,imps,ADV709888,Insurance premium advance,4990,Not Recovered,0,Profile performance leads to: Not Recovered,105,10-12-2023 20:00,09-01-2024 20:00,0,
500,510,605,08-02-2023,20000,imps,ADV729426,Short term vehicle modification,5000,Not Recovered,0,Profile performance leads to: Not Recovered,109,07-02-2023 21:00,09-03-2023 21:00,0,
